time,load_shortfall_3h
2018-01-01 00:00:00,7015.08
2018-01-01 03:00:00,13992.57
2018-01-01 06:00:00,13515.34
2018-01-01 09:00:00,13776.4
2018-01-01 12:00:00,13812.7
2018-01-01 15:00:00,13954.77
2018-01-01 18:00:00,13902.55
2018-01-01 21:00:00,13812.7
2018-01-02 00:00:00,6893.09
2018-01-02 03:00:00,13824.65
2018-01-02 06:00:00,13836.21
2018-01-02 09:00:00,14014.19
2018-01-02 12:00:00,13648.13
2018-01-02 15:00:00,13648.13
2018-01-02 18:00:00,13786.25
2018-01-02 21:00:00,13652.13
2018-01-03 00:00:00,6844.51
2018-01-03 03:00:00,13071.05
2018-01-03 06:00:00,13117.55
2018-01-03 09:00:00,13849.18
2018-01-03 12:00:00,13768.1
2018-01-03 15:00:00,13926.07
2018-01-03 18:00:00,13965.99
2018-01-03 21:00:00,13071.05
2018-01-04 00:00:00,6660.7
2018-01-04 03:00:00,12993.89
2018-01-04 06:00:00,13112.23
2018-01-04 09:00:00,13664.78
2018-01-04 12:00:00,13651.81
2018-01-04 15:00:00,13549.32
2018-01-04 18:00:00,13660.78
2018-01-04 21:00:00,13651.81
2018-01-05 00:00:00,6845.0
2018-01-05 03:00:00,13623.2
2018-01-05 06:00:00,13726.35
2018-01-05 09:00:00,13660.78
2018-01-05 12:00:00,13926.07
2018-01-05 15:00:00,13632.36
2018-01-05 18:00:00,13828.65
2018-01-05 21:00:00,13899.26
2018-01-06 00:00:00,6655.2
2018-01-06 03:00:00,14615.23
2018-01-06 06:00:00,14118.12
2018-01-06 09:00:00,14400.02
2018-01-06 12:00:00,13888.29
2018-01-06 15:00:00,12935.48
2018-01-06 18:00:00,12993.89
2018-01-06 21:00:00,13405.49
2018-01-07 00:00:00,6740.28
2018-01-07 03:00:00,13460.26
2018-01-07 06:00:00,13591.94
2018-01-07 09:00:00,13516.18
2018-01-07 12:00:00,13938.26
2018-01-07 15:00:00,14493.38
2018-01-07 18:00:00,14309.78
2018-01-07 21:00:00,13894.23
2018-01-08 00:00:00,6819.6
2018-01-08 03:00:00,13623.7
2018-01-08 06:00:00,13623.8
2018-01-08 09:00:00,13688.38
2018-01-08 12:00:00,13554.1
2018-01-08 15:00:00,13635.89
2018-01-08 18:00:00,13563.22
2018-01-08 21:00:00,13830.83
2018-01-09 00:00:00,7243.57
2018-01-09 03:00:00,13440.8
2018-01-09 06:00:00,13310.84
2018-01-09 09:00:00,13037.15
2018-01-09 12:00:00,12993.89
2018-01-09 15:00:00,13049.26
2018-01-09 18:00:00,12993.89
2018-01-09 21:00:00,12939.62
2018-01-10 00:00:00,6695.95
2018-01-10 03:00:00,13129.56
2018-01-10 06:00:00,13356.66
2018-01-10 09:00:00,13046.23
2018-01-10 12:00:00,14010.19
2018-01-10 15:00:00,13678.08
2018-01-10 18:00:00,13678.08
2018-01-10 21:00:00,13768.1
2018-01-11 00:00:00,6586.2
2018-01-11 03:00:00,13658.2
2018-01-11 06:00:00,13807.02
2018-01-11 09:00:00,13768.1
2018-01-11 12:00:00,13768.1
2018-01-11 15:00:00,13824.65
2018-01-11 18:00:00,14192.5
2018-01-11 21:00:00,13949.0
2018-01-12 00:00:00,6842.34
2018-01-12 03:00:00,13652.82
2018-01-12 06:00:00,13411.94
2018-01-12 09:00:00,12987.49
2018-01-12 12:00:00,13459.26
2018-01-12 15:00:00,13119.36
2018-01-12 18:00:00,13111.72
2018-01-12 21:00:00,13265.27
2018-01-13 00:00:00,6837.26
2018-01-13 03:00:00,13496.15
2018-01-13 06:00:00,13553.16
2018-01-13 09:00:00,13414.26
2018-01-13 12:00:00,13385.0
2018-01-13 15:00:00,13479.33
2018-01-13 18:00:00,13684.72
2018-01-13 21:00:00,13828.65
2018-01-14 00:00:00,6928.06
2018-01-14 03:00:00,13362.95
2018-01-14 06:00:00,13001.83
2018-01-14 09:00:00,13064.11
2018-01-14 12:00:00,13165.77
2018-01-14 15:00:00,13132.71
2018-01-14 18:00:00,13492.33
2018-01-14 21:00:00,13828.89
2018-01-15 00:00:00,6868.53
2018-01-15 03:00:00,13255.2
2018-01-15 06:00:00,13384.83
2018-01-15 09:00:00,13251.13
2018-01-15 12:00:00,13485.62
2018-01-15 15:00:00,13975.66
2018-01-15 18:00:00,13833.44
2018-01-15 21:00:00,13596.4
2018-01-16 00:00:00,6773.37
2018-01-16 03:00:00,12997.04
2018-01-16 06:00:00,12851.82
2018-01-16 09:00:00,12993.89
2018-01-16 12:00:00,12935.48
2018-01-16 15:00:00,13143.82
2018-01-16 18:00:00,12914.31
2018-01-16 21:00:00,13807.02
2018-01-17 00:00:00,6851.29
2018-01-17 03:00:00,12993.89
2018-01-17 06:00:00,13343.51
2018-01-17 09:00:00,12966.53
2018-01-17 12:00:00,12993.89
2018-01-17 15:00:00,13273.22
2018-01-17 18:00:00,13279.02
2018-01-17 21:00:00,13769.94
2018-01-18 00:00:00,6675.25
2018-01-18 03:00:00,14014.11
2018-01-18 06:00:00,13352.88
2018-01-18 09:00:00,13129.56
2018-01-18 12:00:00,13604.66
2018-01-18 15:00:00,13563.22
2018-01-18 18:00:00,13253.79
2018-01-18 21:00:00,13635.17
2018-01-19 00:00:00,6631.29
2018-01-19 03:00:00,13787.06
2018-01-19 06:00:00,13637.09
2018-01-19 09:00:00,13629.02
2018-01-19 12:00:00,13555.51
2018-01-19 15:00:00,13201.57
2018-01-19 18:00:00,13475.7
2018-01-19 21:00:00,13109.06
2018-01-20 00:00:00,6878.17
2018-01-20 03:00:00,13161.48
2018-01-20 06:00:00,13560.68
2018-01-20 09:00:00,13016.77
2018-01-20 12:00:00,12913.35
2018-01-20 15:00:00,13113.7
2018-01-20 18:00:00,13143.82
2018-01-20 21:00:00,12939.62
2018-01-21 00:00:00,6945.75
2018-01-21 03:00:00,12997.04
2018-01-21 06:00:00,12941.67
2018-01-21 09:00:00,12819.65
2018-01-21 12:00:00,12993.89
2018-01-21 15:00:00,13036.67
2018-01-21 18:00:00,13229.11
2018-01-21 21:00:00,13152.41
2018-01-22 00:00:00,7095.06
2018-01-22 03:00:00,12987.49
2018-01-22 06:00:00,13077.34
2018-01-22 09:00:00,13068.37
2018-01-22 12:00:00,12993.89
2018-01-22 15:00:00,12784.23
2018-01-22 18:00:00,13434.19
2018-01-22 21:00:00,13427.45
2018-01-23 00:00:00,6842.52
2018-01-23 03:00:00,13299.86
2018-01-23 06:00:00,13501.63
2018-01-23 09:00:00,13863.82
2018-01-23 12:00:00,14018.36
2018-01-23 15:00:00,13058.2
2018-01-23 18:00:00,13582.95
2018-01-23 21:00:00,13442.48
2018-01-24 00:00:00,6697.04
2018-01-24 03:00:00,13654.72
2018-01-24 06:00:00,13540.3
2018-01-24 09:00:00,13553.56
2018-01-24 12:00:00,13343.55
2018-01-24 15:00:00,13226.7
2018-01-24 18:00:00,13498.73
2018-01-24 21:00:00,13519.23
2018-01-25 00:00:00,6757.94
2018-01-25 03:00:00,13582.48
2018-01-25 06:00:00,13503.16
2018-01-25 09:00:00,13392.53
2018-01-25 12:00:00,14222.86
2018-01-25 15:00:00,14629.9
2018-01-25 18:00:00,13840.31
2018-01-25 21:00:00,13116.18
2018-01-26 00:00:00,6625.22
2018-01-26 03:00:00,13816.37
2018-01-26 06:00:00,13833.44
2018-01-26 09:00:00,13885.99
2018-01-26 12:00:00,13570.93
2018-01-26 15:00:00,13713.0
2018-01-26 18:00:00,13768.1
2018-01-26 21:00:00,13635.08
2018-01-27 00:00:00,6817.43
2018-01-27 03:00:00,13709.22
2018-01-27 06:00:00,13708.42
2018-01-27 09:00:00,13992.65
2018-01-27 12:00:00,14154.63
2018-01-27 15:00:00,13920.17
2018-01-27 18:00:00,14218.84
2018-01-27 21:00:00,14150.22
2018-01-28 00:00:00,7231.28
2018-01-28 03:00:00,13158.23
2018-01-28 06:00:00,13964.81
2018-01-28 09:00:00,13853.32
2018-01-28 12:00:00,14247.51
2018-01-28 15:00:00,13824.65
2018-01-28 18:00:00,13681.63
2018-01-28 21:00:00,14009.88
2018-01-29 00:00:00,6640.89
2018-01-29 03:00:00,13764.19
2018-01-29 06:00:00,13783.35
2018-01-29 09:00:00,13150.45
2018-01-29 12:00:00,13568.58
2018-01-29 15:00:00,13634.3
2018-01-29 18:00:00,13880.39
2018-01-29 21:00:00,13763.21
2018-01-30 00:00:00,6831.87
2018-01-30 03:00:00,13597.1
2018-01-30 06:00:00,13576.41
2018-01-30 09:00:00,13576.26
2018-01-30 12:00:00,13580.42
2018-01-30 15:00:00,13420.77
2018-01-30 18:00:00,13925.01
2018-01-30 21:00:00,13725.17
2018-01-31 00:00:00,6676.54
2018-01-31 03:00:00,13911.72
2018-01-31 06:00:00,13279.02
2018-01-31 09:00:00,13433.18
2018-01-31 12:00:00,13737.68
2018-01-31 15:00:00,13368.28
2018-01-31 18:00:00,13049.26
2018-01-31 21:00:00,13500.93
2018-02-01 00:00:00,6858.61
2018-02-01 03:00:00,13494.21
2018-02-01 06:00:00,13494.67
2018-02-01 09:00:00,13788.89
2018-02-01 12:00:00,13618.7
2018-02-01 15:00:00,14169.51
2018-02-01 18:00:00,14801.39
2018-02-01 21:00:00,14463.89
2018-02-02 00:00:00,6526.2
2018-02-02 03:00:00,14165.16
2018-02-02 06:00:00,13938.26
2018-02-02 09:00:00,13067.28
2018-02-02 12:00:00,13768.1
2018-02-02 15:00:00,13768.1
2018-02-02 18:00:00,13673.35
2018-02-02 21:00:00,13768.1
2018-02-03 00:00:00,6968.75
2018-02-03 03:00:00,13342.81
2018-02-03 06:00:00,13371.24
2018-02-03 09:00:00,13917.39
2018-02-03 12:00:00,13648.13
2018-02-03 15:00:00,13739.42
2018-02-03 18:00:00,13739.42
2018-02-03 21:00:00,13790.2
2018-02-04 00:00:00,6470.13
2018-02-04 03:00:00,13342.64
2018-02-04 06:00:00,13148.29
2018-02-04 09:00:00,13828.65
2018-02-04 12:00:00,13560.52
2018-02-04 15:00:00,13807.17
2018-02-04 18:00:00,14190.26
2018-02-04 21:00:00,14242.81
2018-02-05 00:00:00,6538.25
2018-02-05 03:00:00,13841.01
2018-02-05 06:00:00,13351.45
2018-02-05 09:00:00,13437.58
2018-02-05 12:00:00,13247.96
2018-02-05 15:00:00,13692.82
2018-02-05 18:00:00,14138.33
2018-02-05 21:00:00,13328.84
2018-02-06 00:00:00,6315.91
2018-02-06 03:00:00,13619.44
2018-02-06 06:00:00,13886.84
2018-02-06 09:00:00,13901.86
2018-02-06 12:00:00,12939.62
2018-02-06 15:00:00,13583.33
2018-02-06 18:00:00,13445.75
2018-02-06 21:00:00,13896.86
2018-02-07 00:00:00,6584.32
2018-02-07 03:00:00,13329.33
2018-02-07 06:00:00,13666.64
2018-02-07 09:00:00,13279.72
2018-02-07 12:00:00,13341.67
2018-02-07 15:00:00,13820.37
2018-02-07 18:00:00,13828.65
2018-02-07 21:00:00,13341.06
2018-02-08 00:00:00,6548.52
2018-02-08 03:00:00,13381.55
2018-02-08 06:00:00,13213.7
2018-02-08 09:00:00,13764.26
2018-02-08 12:00:00,13544.44
2018-02-08 15:00:00,13230.75
2018-02-08 18:00:00,13341.06
2018-02-08 21:00:00,13107.02
2018-02-09 00:00:00,6854.51
2018-02-09 03:00:00,13375.71
2018-02-09 06:00:00,13507.93
2018-02-09 09:00:00,13366.74
2018-02-09 12:00:00,13493.7
2018-02-09 15:00:00,13440.32
2018-02-09 18:00:00,12939.62
2018-02-09 21:00:00,13410.25
2018-02-10 00:00:00,6408.02
2018-02-10 03:00:00,13006.22
2018-02-10 06:00:00,14104.68
2018-02-10 09:00:00,13282.73
2018-02-10 12:00:00,13071.05
2018-02-10 15:00:00,12932.7
2018-02-10 18:00:00,13271.48
2018-02-10 21:00:00,13164.94
2018-02-11 00:00:00,6723.1
2018-02-11 03:00:00,13493.6
2018-02-11 06:00:00,12851.82
2018-02-11 09:00:00,13341.23
2018-02-11 12:00:00,13782.02
2018-02-11 15:00:00,13768.1
2018-02-11 18:00:00,13726.35
2018-02-11 21:00:00,13840.31
2018-02-12 00:00:00,6554.67
2018-02-12 03:00:00,13648.13
2018-02-12 06:00:00,13703.97
2018-02-12 09:00:00,13129.56
2018-02-12 12:00:00,12993.89
2018-02-12 15:00:00,14083.64
2018-02-12 18:00:00,14351.44
2018-02-12 21:00:00,13253.79
2018-02-13 00:00:00,6600.54
2018-02-13 03:00:00,13119.36
2018-02-13 06:00:00,13164.56
2018-02-13 09:00:00,12941.16
2018-02-13 12:00:00,13570.93
2018-02-13 15:00:00,13678.08
2018-02-13 18:00:00,13846.99
2018-02-13 21:00:00,13824.65
2018-02-14 00:00:00,6586.31
2018-02-14 03:00:00,13824.83
2018-02-14 06:00:00,13893.45
2018-02-14 09:00:00,13619.2
2018-02-14 12:00:00,13709.05
2018-02-14 15:00:00,13761.27
2018-02-14 18:00:00,13816.37
2018-02-14 21:00:00,14014.63
2018-02-15 00:00:00,6674.59
2018-02-15 03:00:00,13376.25
2018-02-15 06:00:00,13375.71
2018-02-15 09:00:00,13251.13
2018-02-15 12:00:00,13758.96
2018-02-15 15:00:00,13183.51
2018-02-15 18:00:00,12953.01
2018-02-15 21:00:00,14046.84
2018-02-16 00:00:00,6779.68
2018-02-16 03:00:00,13539.03
2018-02-16 06:00:00,13421.15
2018-02-16 09:00:00,13725.17
2018-02-16 12:00:00,14310.61
2018-02-16 15:00:00,13198.91
2018-02-16 18:00:00,13269.82
2018-02-16 21:00:00,13289.24
2018-02-17 00:00:00,6501.82
2018-02-17 03:00:00,13385.0
2018-02-17 06:00:00,12932.7
2018-02-17 09:00:00,13739.69
2018-02-17 12:00:00,13633.01
2018-02-17 15:00:00,13034.07
2018-02-17 18:00:00,14247.57
2018-02-17 21:00:00,14287.52
2018-02-18 00:00:00,6549.99
2018-02-18 03:00:00,13136.71
2018-02-18 06:00:00,13136.85
2018-02-18 09:00:00,14012.32
2018-02-18 12:00:00,13841.89
2018-02-18 15:00:00,13210.17
2018-02-18 18:00:00,13068.99
2018-02-18 21:00:00,14222.2
2018-02-19 00:00:00,6524.71
2018-02-19 03:00:00,13706.74
2018-02-19 06:00:00,13709.4
2018-02-19 09:00:00,13533.16
2018-02-19 12:00:00,13919.12
2018-02-19 15:00:00,12935.48
2018-02-19 18:00:00,13851.55
2018-02-19 21:00:00,14499.82
2018-02-20 00:00:00,6584.3
2018-02-20 03:00:00,14171.86
2018-02-20 06:00:00,14017.55
2018-02-20 09:00:00,12909.23
2018-02-20 12:00:00,13188.38
2018-02-20 15:00:00,13678.08
2018-02-20 18:00:00,13790.1
2018-02-20 21:00:00,14010.19
2018-02-21 00:00:00,6670.05
2018-02-21 03:00:00,13726.35
2018-02-21 06:00:00,13143.82
2018-02-21 09:00:00,13988.72
2018-02-21 12:00:00,13678.08
2018-02-21 15:00:00,13678.08
2018-02-21 18:00:00,14093.67
2018-02-21 21:00:00,13705.04
2018-02-22 00:00:00,6549.62
2018-02-22 03:00:00,13271.19
2018-02-22 06:00:00,13283.87
2018-02-22 09:00:00,13410.25
2018-02-22 12:00:00,13095.08
2018-02-22 15:00:00,12851.82
2018-02-22 18:00:00,13807.79
2018-02-22 21:00:00,13115.55
2018-02-23 00:00:00,6762.75
2018-02-23 03:00:00,13127.89
2018-02-23 06:00:00,13306.5
2018-02-23 09:00:00,13690.54
2018-02-23 12:00:00,13512.15
2018-02-23 15:00:00,12993.89
2018-02-23 18:00:00,12993.89
2018-02-23 21:00:00,13841.89
2018-02-24 00:00:00,6616.36
2018-02-24 03:00:00,13463.56
2018-02-24 06:00:00,13691.13
2018-02-24 09:00:00,13635.17
2018-02-24 12:00:00,13605.08
2018-02-24 15:00:00,13148.04
2018-02-24 18:00:00,13071.05
2018-02-24 21:00:00,13279.62
2018-02-25 00:00:00,6776.35
2018-02-25 03:00:00,13278.92
2018-02-25 06:00:00,13524.74
2018-02-25 09:00:00,13740.98
2018-02-25 12:00:00,13707.93
2018-02-25 15:00:00,12974.54
2018-02-25 18:00:00,13302.21
2018-02-25 21:00:00,13427.93
2018-02-26 00:00:00,6977.15
2018-02-26 03:00:00,13129.56
2018-02-26 06:00:00,13847.28
2018-02-26 09:00:00,13545.92
2018-02-26 12:00:00,13180.55
2018-02-26 15:00:00,13143.82
2018-02-26 18:00:00,13625.08
2018-02-26 21:00:00,14220.66
2018-02-27 00:00:00,6625.27
2018-02-27 03:00:00,13828.65
2018-02-27 06:00:00,13341.06
2018-02-27 09:00:00,13810.57
2018-02-27 12:00:00,13244.72
2018-02-27 15:00:00,13188.38
2018-02-27 18:00:00,13253.79
2018-02-27 21:00:00,13571.14
2018-02-28 00:00:00,6501.82
2018-02-28 03:00:00,13898.11
2018-02-28 06:00:00,13898.21
2018-02-28 09:00:00,14267.37
2018-02-28 12:00:00,14182.15
2018-02-28 15:00:00,13787.69
2018-02-28 18:00:00,14579.01
2018-02-28 21:00:00,14093.67
2018-03-01 00:00:00,6443.05
2018-03-01 03:00:00,14008.36
2018-03-01 06:00:00,14490.51
2018-03-01 09:00:00,14559.06
2018-03-01 12:00:00,14314.01
2018-03-01 15:00:00,14276.7
2018-03-01 18:00:00,14538.78
2018-03-01 21:00:00,13921.18
2018-03-02 00:00:00,6479.37
2018-03-02 03:00:00,13678.08
2018-03-02 06:00:00,13828.65
2018-03-02 09:00:00,13765.31
2018-03-02 12:00:00,13351.84
2018-03-02 15:00:00,13269.82
2018-03-02 18:00:00,13486.32
2018-03-02 21:00:00,14092.13
2018-03-03 00:00:00,6288.71
2018-03-03 03:00:00,13678.08
2018-03-03 06:00:00,13678.08
2018-03-03 09:00:00,13678.08
2018-03-03 12:00:00,13678.08
2018-03-03 15:00:00,13768.1
2018-03-03 18:00:00,12993.89
2018-03-03 21:00:00,14172.56
2018-03-04 00:00:00,6469.59
2018-03-04 03:00:00,13829.44
2018-03-04 06:00:00,13857.32
2018-03-04 09:00:00,14394.86
2018-03-04 12:00:00,14265.44
2018-03-04 15:00:00,13768.1
2018-03-04 18:00:00,13829.44
2018-03-04 21:00:00,14156.19
2018-03-05 00:00:00,6370.72
2018-03-05 03:00:00,14062.17
2018-03-05 06:00:00,13840.31
2018-03-05 09:00:00,13772.1
2018-03-05 12:00:00,13682.08
2018-03-05 15:00:00,13678.08
2018-03-05 18:00:00,13768.1
2018-03-05 21:00:00,14083.64
2018-03-06 00:00:00,6582.37
2018-03-06 03:00:00,13816.37
2018-03-06 06:00:00,13875.23
2018-03-06 09:00:00,13651.81
2018-03-06 12:00:00,13678.08
2018-03-06 15:00:00,13678.08
2018-03-06 18:00:00,13678.08
2018-03-06 21:00:00,13768.1
2018-03-07 00:00:00,6521.32
2018-03-07 03:00:00,13778.02
2018-03-07 06:00:00,13720.34
2018-03-07 09:00:00,13745.83
2018-03-07 12:00:00,13660.0
2018-03-07 15:00:00,13862.9
2018-03-07 18:00:00,13148.29
2018-03-07 21:00:00,13107.02
2018-03-08 00:00:00,6528.8
2018-03-08 03:00:00,13473.32
2018-03-08 06:00:00,13356.66
2018-03-08 09:00:00,13498.73
2018-03-08 12:00:00,13189.08
2018-03-08 15:00:00,12935.48
2018-03-08 18:00:00,12931.61
2018-03-08 21:00:00,13554.1
2018-03-09 00:00:00,6493.87
2018-03-09 03:00:00,13554.1
2018-03-09 06:00:00,12935.48
2018-03-09 09:00:00,13166.92
2018-03-09 12:00:00,13772.1
2018-03-09 15:00:00,13682.08
2018-03-09 18:00:00,13787.69
2018-03-09 21:00:00,13768.1
2018-03-10 00:00:00,6385.08
2018-03-10 03:00:00,14220.67
2018-03-10 06:00:00,13840.31
2018-03-10 09:00:00,14062.17
2018-03-10 12:00:00,13829.44
2018-03-10 15:00:00,13768.1
2018-03-10 18:00:00,13768.1
2018-03-10 21:00:00,13768.1
2018-03-11 00:00:00,6419.61
2018-03-11 03:00:00,13816.37
2018-03-11 06:00:00,13678.08
2018-03-11 09:00:00,13678.08
2018-03-11 12:00:00,13678.08
2018-03-11 15:00:00,13678.08
2018-03-11 18:00:00,13678.08
2018-03-11 21:00:00,13768.1
2018-03-12 00:00:00,6509.89
2018-03-12 03:00:00,13846.99
2018-03-12 06:00:00,13824.65
2018-03-12 09:00:00,13803.02
2018-03-12 12:00:00,13678.08
2018-03-12 15:00:00,13678.08
2018-03-12 18:00:00,13678.08
2018-03-12 21:00:00,13895.26
2018-03-13 00:00:00,6902.41
2018-03-13 03:00:00,13456.6
2018-03-13 06:00:00,13116.08
2018-03-13 09:00:00,13376.99
2018-03-13 12:00:00,13824.65
2018-03-13 15:00:00,13846.99
2018-03-13 18:00:00,13772.1
2018-03-13 21:00:00,13530.9
2018-03-14 00:00:00,6386.07
2018-03-14 03:00:00,13470.66
2018-03-14 06:00:00,13659.73
2018-03-14 09:00:00,13336.51
2018-03-14 12:00:00,13678.08
2018-03-14 15:00:00,13678.08
2018-03-14 18:00:00,13739.42
2018-03-14 21:00:00,14078.74
2018-03-15 00:00:00,6385.08
2018-03-15 03:00:00,13768.1
2018-03-15 06:00:00,14220.67
2018-03-15 09:00:00,13678.08
2018-03-15 12:00:00,13678.08
2018-03-15 15:00:00,13678.08
2018-03-15 18:00:00,13768.1
2018-03-15 21:00:00,13853.32
2018-03-16 00:00:00,6792.65
2018-03-16 03:00:00,13906.52
2018-03-16 06:00:00,13845.18
2018-03-16 09:00:00,13790.1
2018-03-16 12:00:00,13678.08
2018-03-16 15:00:00,13768.1
2018-03-16 18:00:00,13768.1
2018-03-16 21:00:00,13877.71
2018-03-17 00:00:00,6462.66
2018-03-17 03:00:00,14010.19
2018-03-17 06:00:00,14218.84
2018-03-17 09:00:00,13824.65
2018-03-17 12:00:00,13682.08
2018-03-17 15:00:00,13678.08
2018-03-17 18:00:00,13678.08
2018-03-17 21:00:00,13625.08
2018-03-18 00:00:00,6490.53
2018-03-18 03:00:00,14012.95
2018-03-18 06:00:00,13755.33
2018-03-18 09:00:00,13676.6
2018-03-18 12:00:00,13726.35
2018-03-18 15:00:00,13678.08
2018-03-18 18:00:00,13816.37
2018-03-18 21:00:00,13901.59
2018-03-19 00:00:00,6997.11
2018-03-19 03:00:00,14344.23
2018-03-19 06:00:00,13985.87
2018-03-19 09:00:00,13768.1
2018-03-19 12:00:00,13678.08
2018-03-19 15:00:00,13678.08
2018-03-19 18:00:00,13768.1
2018-03-19 21:00:00,13846.99
2018-03-20 00:00:00,6472.04
2018-03-20 03:00:00,12993.89
2018-03-20 06:00:00,13768.1
2018-03-20 09:00:00,13678.08
2018-03-20 12:00:00,13682.08
2018-03-20 15:00:00,13678.08
2018-03-20 18:00:00,13678.08
2018-03-20 21:00:00,14010.19
2018-03-21 00:00:00,6419.61
2018-03-21 03:00:00,13768.1
2018-03-21 06:00:00,13828.65
2018-03-21 09:00:00,12993.89
2018-03-21 12:00:00,14007.76
2018-03-21 15:00:00,13678.08
2018-03-21 18:00:00,13739.42
2018-03-21 21:00:00,13862.41
2018-03-22 00:00:00,6349.48
2018-03-22 03:00:00,13908.33
2018-03-22 06:00:00,13115.55
2018-03-22 09:00:00,13350.22
2018-03-22 12:00:00,12993.89
2018-03-22 15:00:00,12993.89
2018-03-22 18:00:00,13768.1
2018-03-22 21:00:00,13956.6
2018-03-23 00:00:00,6654.85
2018-03-23 03:00:00,13334.39
2018-03-23 06:00:00,13633.01
2018-03-23 09:00:00,13828.65
2018-03-23 12:00:00,13846.99
2018-03-23 15:00:00,13768.1
2018-03-23 18:00:00,13768.1
2018-03-23 21:00:00,13750.29
2018-03-24 00:00:00,6377.75
2018-03-24 03:00:00,13816.37
2018-03-24 06:00:00,13768.1
2018-03-24 09:00:00,13768.1
2018-03-24 12:00:00,13768.1
2018-03-24 15:00:00,13678.08
2018-03-24 18:00:00,13678.08
2018-03-24 21:00:00,13678.08
2018-03-25 00:00:00,6385.08
2018-03-25 03:00:00,13768.1
2018-03-25 06:00:00,13829.44
2018-03-25 09:00:00,14078.74
2018-03-25 12:00:00,14014.19
2018-03-25 15:00:00,13772.1
2018-03-25 18:00:00,13726.35
2018-03-25 21:00:00,14338.77
2018-03-26 00:00:00,6297.89
2018-03-26 03:00:00,13164.26
2018-03-26 06:00:00,13038.48
2018-03-26 09:00:00,13736.99
2018-03-26 12:00:00,13717.0
2018-03-26 15:00:00,13713.0
2018-03-26 18:00:00,13768.1
2018-03-26 21:00:00,14600.73
2018-03-27 00:00:00,6673.89
2018-03-27 03:00:00,13614.43
2018-03-27 06:00:00,13487.33
2018-03-27 09:00:00,14592.3
2018-03-27 12:00:00,13593.17
2018-03-27 15:00:00,13508.79
2018-03-27 18:00:00,13544.33
2018-03-27 21:00:00,14475.13
2018-03-28 00:00:00,6977.56
2018-03-28 03:00:00,13228.5
2018-03-28 06:00:00,13136.71
2018-03-28 09:00:00,13805.34
2018-03-28 12:00:00,14318.1
2018-03-28 15:00:00,13472.12
2018-03-28 18:00:00,13768.1
2018-03-28 21:00:00,13726.35
2018-03-29 00:00:00,6698.34
2018-03-29 03:00:00,14108.06
2018-03-29 06:00:00,14157.65
2018-03-29 09:00:00,13803.6
2018-03-29 12:00:00,14007.01
2018-03-29 15:00:00,13768.1
2018-03-29 18:00:00,13678.08
2018-03-29 21:00:00,14508.25
2018-03-30 00:00:00,6502.56
2018-03-30 03:00:00,13750.29
2018-03-30 06:00:00,13768.1
2018-03-30 09:00:00,13846.99
2018-03-30 12:00:00,13768.1
2018-03-30 15:00:00,13678.08
2018-03-30 18:00:00,13678.08
2018-03-30 21:00:00,13816.37
2018-03-31 00:00:00,6385.08
2018-03-31 03:00:00,13726.35
2018-03-31 06:00:00,13678.08
2018-03-31 09:00:00,13651.81
2018-03-31 12:00:00,13678.08
2018-03-31 15:00:00,13678.08
2018-03-31 18:00:00,13678.08
2018-03-31 21:00:00,13772.1
2018-04-01 00:00:00,6664.23
2018-04-01 03:00:00,13872.16
2018-04-01 06:00:00,13741.71
2018-04-01 09:00:00,13768.89
2018-04-01 12:00:00,13744.37
2018-04-01 15:00:00,13339.96
2018-04-01 18:00:00,13545.46
2018-04-01 21:00:00,13679.66
2018-04-02 00:00:00,6564.92
2018-04-02 03:00:00,12953.01
2018-04-02 06:00:00,13562.89
2018-04-02 09:00:00,13592.52
2018-04-02 12:00:00,13800.23
2018-04-02 15:00:00,13678.08
2018-04-02 18:00:00,13678.08
2018-04-02 21:00:00,14218.2
2018-04-03 00:00:00,6328.28
2018-04-03 03:00:00,14186.15
2018-04-03 06:00:00,14497.48
2018-04-03 09:00:00,13864.41
2018-04-03 12:00:00,13988.72
2018-04-03 15:00:00,13726.35
2018-04-03 18:00:00,13678.08
2018-04-03 21:00:00,13678.08
2018-04-04 00:00:00,6419.61
2018-04-04 03:00:00,13988.72
2018-04-04 06:00:00,13750.29
2018-04-04 09:00:00,13678.08
2018-04-04 12:00:00,13678.08
2018-04-04 15:00:00,13678.08
2018-04-04 18:00:00,13678.08
2018-04-04 21:00:00,13678.08
2018-04-05 00:00:00,6569.18
2018-04-05 03:00:00,13137.65
2018-04-05 06:00:00,13427.93
2018-04-05 09:00:00,13180.55
2018-04-05 12:00:00,13095.08
2018-04-05 15:00:00,12993.89
2018-04-05 18:00:00,12993.89
2018-04-05 21:00:00,13902.23
2018-04-06 00:00:00,6691.26
2018-04-06 03:00:00,13540.06
2018-04-06 06:00:00,13439.95
2018-04-06 09:00:00,13577.38
2018-04-06 12:00:00,13328.84
2018-04-06 15:00:00,12939.62
2018-04-06 18:00:00,12939.62
2018-04-06 21:00:00,13306.5
2018-04-07 00:00:00,6440.79
2018-04-07 03:00:00,14065.68
2018-04-07 06:00:00,13705.69
2018-04-07 09:00:00,13075.19
2018-04-07 12:00:00,14190.26
2018-04-07 15:00:00,13768.1
2018-04-07 18:00:00,13829.44
2018-04-07 21:00:00,12939.62
2018-04-08 00:00:00,6803.78
2018-04-08 03:00:00,13253.6
2018-04-08 06:00:00,13271.19
2018-04-08 09:00:00,14185.57
2018-04-08 12:00:00,13768.1
2018-04-08 15:00:00,13846.99
2018-04-08 18:00:00,13768.1
2018-04-08 21:00:00,13768.1
2018-04-09 00:00:00,6383.24
2018-04-09 03:00:00,14422.84
2018-04-09 06:00:00,14359.56
2018-04-09 09:00:00,14218.84
2018-04-09 12:00:00,13816.37
2018-04-09 15:00:00,13678.08
2018-04-09 18:00:00,13768.1
2018-04-09 21:00:00,13846.99
2018-04-10 00:00:00,6505.8
2018-04-10 03:00:00,13846.99
2018-04-10 06:00:00,14010.19
2018-04-10 09:00:00,13816.37
2018-04-10 12:00:00,13768.1
2018-04-10 15:00:00,13768.1
2018-04-10 18:00:00,13829.44
2018-04-10 21:00:00,13910.33
2018-04-11 00:00:00,6544.41
2018-04-11 03:00:00,13279.39
2018-04-11 06:00:00,13143.82
2018-04-11 09:00:00,13678.08
2018-04-11 12:00:00,13678.08
2018-04-11 15:00:00,13678.08
2018-04-11 18:00:00,13678.08
2018-04-11 21:00:00,13678.08
2018-04-12 00:00:00,6385.08
2018-04-12 03:00:00,13726.35
2018-04-12 06:00:00,13708.27
2018-04-12 09:00:00,13864.88
2018-04-12 12:00:00,13853.32
2018-04-12 15:00:00,13824.65
2018-04-12 18:00:00,13846.99
2018-04-12 21:00:00,13229.11
2018-04-13 00:00:00,6519.12
2018-04-13 03:00:00,13665.03
2018-04-13 06:00:00,13788.0
2018-04-13 09:00:00,13842.47
2018-04-13 12:00:00,13772.1
2018-04-13 15:00:00,13625.08
2018-04-13 18:00:00,12931.61
2018-04-13 21:00:00,14230.35
2018-04-14 00:00:00,7011.94
2018-04-14 03:00:00,13649.84
2018-04-14 06:00:00,13619.45
2018-04-14 09:00:00,13106.01
2018-04-14 12:00:00,13219.89
2018-04-14 15:00:00,13184.93
2018-04-14 18:00:00,13143.82
2018-04-14 21:00:00,13791.24
2018-04-15 00:00:00,6582.73
2018-04-15 03:00:00,13727.74
2018-04-15 06:00:00,13137.55
2018-04-15 09:00:00,14522.75
2018-04-15 12:00:00,13768.1
2018-04-15 15:00:00,13768.1
2018-04-15 18:00:00,13846.99
2018-04-15 21:00:00,13896.86
2018-04-16 00:00:00,7027.27
2018-04-16 03:00:00,13229.11
2018-04-16 06:00:00,14043.3
2018-04-16 09:00:00,13877.85
2018-04-16 12:00:00,13784.0
2018-04-16 15:00:00,13741.83
2018-04-16 18:00:00,13844.31
2018-04-16 21:00:00,14152.19
2018-04-17 00:00:00,6581.58
2018-04-17 03:00:00,13499.47
2018-04-17 06:00:00,13629.25
2018-04-17 09:00:00,13615.11
2018-04-17 12:00:00,13279.62
2018-04-17 15:00:00,13049.26
2018-04-17 18:00:00,12932.7
2018-04-17 21:00:00,13289.03
2018-04-18 00:00:00,6598.06
2018-04-18 03:00:00,13129.12
2018-04-18 06:00:00,13467.06
2018-04-18 09:00:00,13551.03
2018-04-18 12:00:00,12940.77
2018-04-18 15:00:00,13625.08
2018-04-18 18:00:00,13117.55
2018-04-18 21:00:00,13491.65
2018-04-19 00:00:00,6311.7
2018-04-19 03:00:00,13488.59
2018-04-19 06:00:00,13681.68
2018-04-19 09:00:00,13158.23
2018-04-19 12:00:00,13143.82
2018-04-19 15:00:00,13772.1
2018-04-19 18:00:00,13768.1
2018-04-19 21:00:00,13877.71
2018-04-20 00:00:00,6375.67
2018-04-20 03:00:00,13627.94
2018-04-20 06:00:00,13643.7
2018-04-20 09:00:00,13934.48
2018-04-20 12:00:00,13816.37
2018-04-20 15:00:00,13678.08
2018-04-20 18:00:00,13768.1
2018-04-20 21:00:00,14083.64
2018-04-21 00:00:00,6603.79
2018-04-21 03:00:00,13615.11
2018-04-21 06:00:00,13917.5
2018-04-21 09:00:00,13628.54
2018-04-21 12:00:00,13734.69
2018-04-21 15:00:00,13625.08
2018-04-21 18:00:00,13686.42
2018-04-21 21:00:00,13703.59
2018-04-22 00:00:00,6391.76
2018-04-22 03:00:00,14265.51
2018-04-22 06:00:00,13343.47
2018-04-22 09:00:00,13579.57
2018-04-22 12:00:00,13614.72
2018-04-22 15:00:00,12970.4
2018-04-22 18:00:00,13772.1
2018-04-22 21:00:00,13488.59
2018-04-23 00:00:00,6561.14
2018-04-23 03:00:00,13254.8
2018-04-23 06:00:00,13883.05
2018-04-23 09:00:00,13991.02
2018-04-23 12:00:00,13974.31
2018-04-23 15:00:00,13279.49
2018-04-23 18:00:00,13703.97
2018-04-23 21:00:00,14694.65
2018-04-24 00:00:00,6805.35
2018-04-24 03:00:00,13909.06
2018-04-24 06:00:00,13752.32
2018-04-24 09:00:00,13410.26
2018-04-24 12:00:00,13173.42
2018-04-24 15:00:00,13682.08
2018-04-24 18:00:00,13143.82
2018-04-24 21:00:00,13639.31
2018-04-25 00:00:00,6516.27
2018-04-25 03:00:00,13663.84
2018-04-25 06:00:00,13643.7
2018-04-25 09:00:00,13478.74
2018-04-25 12:00:00,13008.38
2018-04-25 15:00:00,12939.62
2018-04-25 18:00:00,13772.1
2018-04-25 21:00:00,14685.57
2018-04-26 00:00:00,6402.15
2018-04-26 03:00:00,13157.79
2018-04-26 06:00:00,13568.43
2018-04-26 09:00:00,13375.71
2018-04-26 12:00:00,13178.53
2018-04-26 15:00:00,13585.99
2018-04-26 18:00:00,13768.1
2018-04-26 21:00:00,13833.44
2018-04-27 00:00:00,6575.39
2018-04-27 03:00:00,13374.77
2018-04-27 06:00:00,13519.33
2018-04-27 09:00:00,13774.66
2018-04-27 12:00:00,13651.81
2018-04-27 15:00:00,13678.08
2018-04-27 18:00:00,13768.1
2018-04-27 21:00:00,13872.92
2018-04-28 00:00:00,6503.35
2018-04-28 03:00:00,14191.06
2018-04-28 06:00:00,14594.88
2018-04-28 09:00:00,14829.67
2018-04-28 12:00:00,13956.6
2018-04-28 15:00:00,13729.28
2018-04-28 18:00:00,13853.32
2018-04-28 21:00:00,14154.33
2018-04-29 00:00:00,6503.35
2018-04-29 03:00:00,13913.76
2018-04-29 06:00:00,14089.08
2018-04-29 09:00:00,13768.1
2018-04-29 12:00:00,13768.1
2018-04-29 15:00:00,13678.08
2018-04-29 18:00:00,13768.1
2018-04-29 21:00:00,13872.92
2018-04-30 00:00:00,6383.24
2018-04-30 03:00:00,13893.47
2018-04-30 06:00:00,13210.17
2018-04-30 09:00:00,13676.6
2018-04-30 12:00:00,13858.9
2018-04-30 15:00:00,13772.1
2018-04-30 18:00:00,13075.29
2018-04-30 21:00:00,13828.65
2018-05-01 00:00:00,6550.92
2018-05-01 03:00:00,13905.26
2018-05-01 06:00:00,13917.14
2018-05-01 09:00:00,13512.37
2018-05-01 12:00:00,13672.38
2018-05-01 15:00:00,13654.84
2018-05-01 18:00:00,13546.79
2018-05-01 21:00:00,13844.18
2018-05-02 00:00:00,6711.51
2018-05-02 03:00:00,13654.72
2018-05-02 06:00:00,13303.01
2018-05-02 09:00:00,13652.75
2018-05-02 12:00:00,14100.68
2018-05-02 15:00:00,13768.1
2018-05-02 18:00:00,13824.65
2018-05-02 21:00:00,13075.29
2018-05-03 00:00:00,6501.52
2018-05-03 03:00:00,13047.01
2018-05-03 06:00:00,13038.48
2018-05-03 09:00:00,13060.46
2018-05-03 12:00:00,13807.17
2018-05-03 15:00:00,14093.61
2018-05-03 18:00:00,13229.11
2018-05-03 21:00:00,13355.11
2018-05-04 00:00:00,6457.5
2018-05-04 03:00:00,13145.24
2018-05-04 06:00:00,13106.01
2018-05-04 09:00:00,13709.22
2018-05-04 12:00:00,13632.27
2018-05-04 15:00:00,13557.06
2018-05-04 18:00:00,13189.08
2018-05-04 21:00:00,13640.84
2018-05-05 00:00:00,6453.55
2018-05-05 03:00:00,13663.98
2018-05-05 06:00:00,13442.48
2018-05-05 09:00:00,13679.17
2018-05-05 12:00:00,13111.72
2018-05-05 15:00:00,12953.01
2018-05-05 18:00:00,12990.11
2018-05-05 21:00:00,13552.28
2018-05-06 00:00:00,6576.7
2018-05-06 03:00:00,13905.9
2018-05-06 06:00:00,13903.24
2018-05-06 09:00:00,13075.29
2018-05-06 12:00:00,13409.37
2018-05-06 15:00:00,12935.48
2018-05-06 18:00:00,12993.89
2018-05-06 21:00:00,13913.76
2018-05-07 00:00:00,6623.29
2018-05-07 03:00:00,13809.31
2018-05-07 06:00:00,13720.9
2018-05-07 09:00:00,13727.98
2018-05-07 12:00:00,13306.5
2018-05-07 15:00:00,12935.48
2018-05-07 18:00:00,12940.77
2018-05-07 21:00:00,13873.32
2018-05-08 00:00:00,6670.39
2018-05-08 03:00:00,13787.55
2018-05-08 06:00:00,13583.1
2018-05-08 09:00:00,13511.64
2018-05-08 12:00:00,13617.77
2018-05-08 15:00:00,12970.4
2018-05-08 18:00:00,13478.0
2018-05-08 21:00:00,13331.31
2018-05-09 00:00:00,6425.0
2018-05-09 03:00:00,13650.12
2018-05-09 06:00:00,13124.71
2018-05-09 09:00:00,13661.1
2018-05-09 12:00:00,13427.93
2018-05-09 15:00:00,13772.1
2018-05-09 18:00:00,14014.19
2018-05-09 21:00:00,13844.31
2018-05-10 00:00:00,6392.5
2018-05-10 03:00:00,13838.14
2018-05-10 06:00:00,14586.81
2018-05-10 09:00:00,14225.3
2018-05-10 12:00:00,12939.62
2018-05-10 15:00:00,12993.89
2018-05-10 18:00:00,12993.89
2018-05-10 21:00:00,13465.62
2018-05-11 00:00:00,6608.37
2018-05-11 03:00:00,13531.33
2018-05-11 06:00:00,13490.94
2018-05-11 09:00:00,13446.51
2018-05-11 12:00:00,13498.73
2018-05-11 15:00:00,13678.08
2018-05-11 18:00:00,13768.1
2018-05-11 21:00:00,13895.26
2018-05-12 00:00:00,6383.24
2018-05-12 03:00:00,14486.79
2018-05-12 06:00:00,14258.1
2018-05-12 09:00:00,14089.5
2018-05-12 12:00:00,13824.65
2018-05-12 15:00:00,13678.08
2018-05-12 18:00:00,13768.1
2018-05-12 21:00:00,13895.26
2018-05-13 00:00:00,6330.13
2018-05-13 03:00:00,13279.49
2018-05-13 06:00:00,13392.5
2018-05-13 09:00:00,13824.65
2018-05-13 12:00:00,13829.44
2018-05-13 15:00:00,13678.08
2018-05-13 18:00:00,13750.29
2018-05-13 21:00:00,13934.26
2018-05-14 00:00:00,6503.35
2018-05-14 03:00:00,13572.12
2018-05-14 06:00:00,14485.47
2018-05-14 09:00:00,14315.46
2018-05-14 12:00:00,13355.98
2018-05-14 15:00:00,13143.82
2018-05-14 18:00:00,13682.08
2018-05-14 21:00:00,13135.81
2018-05-15 00:00:00,6458.54
2018-05-15 03:00:00,13721.12
2018-05-15 06:00:00,13314.79
2018-05-15 09:00:00,12993.89
2018-05-15 12:00:00,13285.1
2018-05-15 15:00:00,13143.82
2018-05-15 18:00:00,12935.48
2018-05-15 21:00:00,13698.33
2018-05-16 00:00:00,6512.73
2018-05-16 03:00:00,14223.93
2018-05-16 06:00:00,13433.47
2018-05-16 09:00:00,13831.47
2018-05-16 12:00:00,13176.08
2018-05-16 15:00:00,12993.89
2018-05-16 18:00:00,12935.48
2018-05-16 21:00:00,13271.09
2018-05-17 00:00:00,6460.83
2018-05-17 03:00:00,13780.54
2018-05-17 06:00:00,13847.87
2018-05-17 09:00:00,13796.18
2018-05-17 12:00:00,13189.08
2018-05-17 15:00:00,12900.53
2018-05-17 18:00:00,12935.48
2018-05-17 21:00:00,13355.11
2018-05-18 00:00:00,6434.85
2018-05-18 03:00:00,13588.15
2018-05-18 06:00:00,13474.11
2018-05-18 09:00:00,13577.11
2018-05-18 12:00:00,13143.82
2018-05-18 15:00:00,13768.1
2018-05-18 18:00:00,13229.11
2018-05-18 21:00:00,13251.13
2018-05-19 00:00:00,6584.91
2018-05-19 03:00:00,13608.24
2018-05-19 06:00:00,13723.65
2018-05-19 09:00:00,13935.76
2018-05-19 12:00:00,12993.89
2018-05-19 15:00:00,13178.74
2018-05-19 18:00:00,13772.1
2018-05-19 21:00:00,13189.08
2018-05-20 00:00:00,6506.15
2018-05-20 03:00:00,14028.07
2018-05-20 06:00:00,13731.46
2018-05-20 09:00:00,13499.32
2018-05-20 12:00:00,12993.89
2018-05-20 15:00:00,12939.62
2018-05-20 18:00:00,12993.89
2018-05-20 21:00:00,13917.76
2018-05-21 00:00:00,6596.75
2018-05-21 03:00:00,13663.98
2018-05-21 06:00:00,13614.58
2018-05-21 09:00:00,13656.47
2018-05-21 12:00:00,12994.98
2018-05-21 15:00:00,13535.06
2018-05-21 18:00:00,13772.1
2018-05-21 21:00:00,14176.56
2018-05-22 00:00:00,6561.14
2018-05-22 03:00:00,13727.83
2018-05-22 06:00:00,13575.8
2018-05-22 09:00:00,13412.85
2018-05-22 12:00:00,13209.73
2018-05-22 15:00:00,13517.93
2018-05-22 18:00:00,13128.33
2018-05-22 21:00:00,13533.16
2018-05-23 00:00:00,7384.01
2018-05-23 03:00:00,13583.1
2018-05-23 06:00:00,13675.76
2018-05-23 09:00:00,13859.22
2018-05-23 12:00:00,13255.47
2018-05-23 15:00:00,12900.53
2018-05-23 18:00:00,13846.99
2018-05-23 21:00:00,13116.18
2018-05-24 00:00:00,6439.77
2018-05-24 03:00:00,13640.96
2018-05-24 06:00:00,13834.01
2018-05-24 09:00:00,13736.37
2018-05-24 12:00:00,13269.82
2018-05-24 15:00:00,13678.08
2018-05-24 18:00:00,13768.1
2018-05-24 21:00:00,13777.28
2018-05-25 00:00:00,6506.57
2018-05-25 03:00:00,13580.35
2018-05-25 06:00:00,13129.56
2018-05-25 09:00:00,13336.51
2018-05-25 12:00:00,13307.61
2018-05-25 15:00:00,13129.56
2018-05-25 18:00:00,13681.63
2018-05-25 21:00:00,12935.48
2018-05-26 00:00:00,6983.07
2018-05-26 03:00:00,13563.37
2018-05-26 06:00:00,13672.37
2018-05-26 09:00:00,13184.83
2018-05-26 12:00:00,12932.7
2018-05-26 15:00:00,12922.32
2018-05-26 18:00:00,12993.89
2018-05-26 21:00:00,13307.69
2018-05-27 00:00:00,7199.77
2018-05-27 03:00:00,13424.91
2018-05-27 06:00:00,13681.83
2018-05-27 09:00:00,13571.19
2018-05-27 12:00:00,12993.89
2018-05-27 15:00:00,13772.1
2018-05-27 18:00:00,13824.65
2018-05-27 21:00:00,13934.26
2018-05-28 00:00:00,6568.47
2018-05-28 03:00:00,13780.54
2018-05-28 06:00:00,13430.59
2018-05-28 09:00:00,13643.0
2018-05-28 12:00:00,13213.7
2018-05-28 15:00:00,13722.83
2018-05-28 18:00:00,13735.59
2018-05-28 21:00:00,13279.72
2018-05-29 00:00:00,6832.02
2018-05-29 03:00:00,13756.65
2018-05-29 06:00:00,13426.51
2018-05-29 09:00:00,13157.79
2018-05-29 12:00:00,12935.48
2018-05-29 15:00:00,13768.1
2018-05-29 18:00:00,12993.89
2018-05-29 21:00:00,13129.56
2018-05-30 00:00:00,6648.79
2018-05-30 03:00:00,13271.19
2018-05-30 06:00:00,13877.62
2018-05-30 09:00:00,13578.83
2018-05-30 12:00:00,13754.53
2018-05-30 15:00:00,13768.1
2018-05-30 18:00:00,13853.32
2018-05-30 21:00:00,13934.26
2018-05-31 00:00:00,6438.58
2018-05-31 03:00:00,13573.21
2018-05-31 06:00:00,13763.3
2018-05-31 09:00:00,13821.86
2018-05-31 12:00:00,13308.16
2018-05-31 15:00:00,13794.2
2018-05-31 18:00:00,13772.1
2018-05-31 21:00:00,13828.65
2018-06-01 00:00:00,6639.94
2018-06-01 03:00:00,14510.73
2018-06-01 06:00:00,14408.36
2018-06-01 09:00:00,14128.24
2018-06-01 12:00:00,13550.93
2018-06-01 15:00:00,13932.49
2018-06-01 18:00:00,14011.2
2018-06-01 21:00:00,14191.54
2018-06-02 00:00:00,6588.06
2018-06-02 03:00:00,13821.6
2018-06-02 06:00:00,13556.58
2018-06-02 09:00:00,13198.99
2018-06-02 12:00:00,13876.92
2018-06-02 15:00:00,13129.46
2018-06-02 18:00:00,13829.44
2018-06-02 21:00:00,14222.2
2018-06-03 00:00:00,6398.91
2018-06-03 03:00:00,13483.3
2018-06-03 06:00:00,13326.56
2018-06-03 09:00:00,13308.39
2018-06-03 12:00:00,13304.74
2018-06-03 15:00:00,13768.1
2018-06-03 18:00:00,13895.26
2018-06-03 21:00:00,14152.19
2018-06-04 00:00:00,6557.55
2018-06-04 03:00:00,14327.5
2018-06-04 06:00:00,14212.55
2018-06-04 09:00:00,14456.81
2018-06-04 12:00:00,13768.1
2018-06-04 15:00:00,13768.1
2018-06-04 18:00:00,13768.1
2018-06-04 21:00:00,13895.26
2018-06-05 00:00:00,6579.15
2018-06-05 03:00:00,14185.57
2018-06-05 06:00:00,13935.72
2018-06-05 09:00:00,14364.77
2018-06-05 12:00:00,13143.82
2018-06-05 15:00:00,13772.1
2018-06-05 18:00:00,13816.37
2018-06-05 21:00:00,13846.99
2018-06-06 00:00:00,6440.88
2018-06-06 03:00:00,13279.02
2018-06-06 06:00:00,13749.66
2018-06-06 09:00:00,13614.23
2018-06-06 12:00:00,13143.82
2018-06-06 15:00:00,13754.29
2018-06-06 18:00:00,13229.11
2018-06-06 21:00:00,13766.65
2018-06-07 00:00:00,6960.84
2018-06-07 03:00:00,13698.37
2018-06-07 06:00:00,13635.17
2018-06-07 09:00:00,13874.57
2018-06-07 12:00:00,14140.46
2018-06-07 15:00:00,13726.35
2018-06-07 18:00:00,13840.31
2018-06-07 21:00:00,14152.9
2018-06-08 00:00:00,6540.19
2018-06-08 03:00:00,13468.84
2018-06-08 06:00:00,13456.6
2018-06-08 09:00:00,13396.09
2018-06-08 12:00:00,13742.97
2018-06-08 15:00:00,13768.1
2018-06-08 18:00:00,13768.1
2018-06-08 21:00:00,13164.26
2018-06-09 00:00:00,6662.2
2018-06-09 03:00:00,13576.96
2018-06-09 06:00:00,13807.27
2018-06-09 09:00:00,14040.29
2018-06-09 12:00:00,13833.44
2018-06-09 15:00:00,13768.1
2018-06-09 18:00:00,13768.1
2018-06-09 21:00:00,13881.71
2018-06-10 00:00:00,6522.85
2018-06-10 03:00:00,13477.79
2018-06-10 06:00:00,13453.44
2018-06-10 09:00:00,13384.38
2018-06-10 12:00:00,13771.64
2018-06-10 15:00:00,13908.33
2018-06-10 18:00:00,13824.65
2018-06-10 21:00:00,14445.36
2018-06-11 00:00:00,6576.7
2018-06-11 03:00:00,13896.86
2018-06-11 06:00:00,14002.98
2018-06-11 09:00:00,13768.1
2018-06-11 12:00:00,13772.1
2018-06-11 15:00:00,13768.1
2018-06-11 18:00:00,13768.1
2018-06-11 21:00:00,13319.75
2018-06-12 00:00:00,6257.2
2018-06-12 03:00:00,13116.18
2018-06-12 06:00:00,13192.23
2018-06-12 09:00:00,13247.96
2018-06-12 12:00:00,14022.26
2018-06-12 15:00:00,13739.42
2018-06-12 18:00:00,13143.82
2018-06-12 21:00:00,13552.36
2018-06-13 00:00:00,6452.36
2018-06-13 03:00:00,13024.91
2018-06-13 06:00:00,13628.54
2018-06-13 09:00:00,12922.53
2018-06-13 12:00:00,12988.07
2018-06-13 15:00:00,12935.48
2018-06-13 18:00:00,12935.48
2018-06-13 21:00:00,13673.35
2018-06-14 00:00:00,6621.18
2018-06-14 03:00:00,13285.86
2018-06-14 06:00:00,13502.92
2018-06-14 09:00:00,13809.03
2018-06-14 12:00:00,13045.98
2018-06-14 15:00:00,12935.48
2018-06-14 18:00:00,12935.48
2018-06-14 21:00:00,14190.26
2018-06-15 00:00:00,6546.65
2018-06-15 03:00:00,13589.41
2018-06-15 06:00:00,13490.41
2018-06-15 09:00:00,13576.96
2018-06-15 12:00:00,13600.36
2018-06-15 15:00:00,12909.21
2018-06-15 18:00:00,12935.48
2018-06-15 21:00:00,13752.24
2018-06-16 00:00:00,6458.54
2018-06-16 03:00:00,13793.52
2018-06-16 06:00:00,13754.43
2018-06-16 09:00:00,13890.47
2018-06-16 12:00:00,12993.89
2018-06-16 15:00:00,12993.89
2018-06-16 18:00:00,12939.62
2018-06-16 21:00:00,13833.44
2018-06-17 00:00:00,7197.93
2018-06-17 03:00:00,13936.7
2018-06-17 06:00:00,14497.07
2018-06-17 09:00:00,13626.57
2018-06-17 12:00:00,12851.82
2018-06-17 15:00:00,12909.21
2018-06-17 18:00:00,12941.67
2018-06-17 21:00:00,13908.33
2018-06-18 00:00:00,6494.22
2018-06-18 03:00:00,14387.67
2018-06-18 06:00:00,13650.27
2018-06-18 09:00:00,13516.98
2018-06-18 12:00:00,13355.11
2018-06-18 15:00:00,12935.48
2018-06-18 18:00:00,12939.62
2018-06-18 21:00:00,13742.97
2018-06-19 00:00:00,6979.28
2018-06-19 03:00:00,14329.95
2018-06-19 06:00:00,13363.61
2018-06-19 09:00:00,13605.84
2018-06-19 12:00:00,13075.29
2018-06-19 15:00:00,12935.48
2018-06-19 18:00:00,13049.26
2018-06-19 21:00:00,13188.38
2018-06-20 00:00:00,6707.4
2018-06-20 03:00:00,13880.39
2018-06-20 06:00:00,13796.79
2018-06-20 09:00:00,13830.2
2018-06-20 12:00:00,12939.62
2018-06-20 15:00:00,12993.89
2018-06-20 18:00:00,12993.89
2018-06-20 21:00:00,13189.08
2018-06-21 00:00:00,6405.62
2018-06-21 03:00:00,13577.07
2018-06-21 06:00:00,13753.84
2018-06-21 09:00:00,13966.79
2018-06-21 12:00:00,13231.87
2018-06-21 15:00:00,13178.74
2018-06-21 18:00:00,13625.08
2018-06-21 21:00:00,13355.11
2018-06-22 00:00:00,6472.2
2018-06-22 03:00:00,13486.53
2018-06-22 06:00:00,13414.96
2018-06-22 09:00:00,13527.81
2018-06-22 12:00:00,12941.67
2018-06-22 15:00:00,12974.54
2018-06-22 18:00:00,12935.48
2018-06-22 21:00:00,13095.08
2018-06-23 00:00:00,6695.4
2018-06-23 03:00:00,13597.9
2018-06-23 06:00:00,13128.33
2018-06-23 09:00:00,13127.55
2018-06-23 12:00:00,13068.37
2018-06-23 15:00:00,12932.7
2018-06-23 18:00:00,12993.89
2018-06-23 21:00:00,13124.71
2018-06-24 00:00:00,6561.14
2018-06-24 03:00:00,13629.25
2018-06-24 06:00:00,13563.58
2018-06-24 09:00:00,13763.52
2018-06-24 12:00:00,13129.46
2018-06-24 15:00:00,12935.48
2018-06-24 18:00:00,12939.62
2018-06-24 21:00:00,13278.92
2018-06-25 00:00:00,6972.62
2018-06-25 03:00:00,13742.99
2018-06-25 06:00:00,13778.92
2018-06-25 09:00:00,13760.15
2018-06-25 12:00:00,13068.37
2018-06-25 15:00:00,12993.89
2018-06-25 18:00:00,13143.82
2018-06-25 21:00:00,13899.26
2018-06-26 00:00:00,6620.98
2018-06-26 03:00:00,13266.62
2018-06-26 06:00:00,13129.12
2018-06-26 09:00:00,13427.93
2018-06-26 12:00:00,12970.4
2018-06-26 15:00:00,12939.62
2018-06-26 18:00:00,13768.1
2018-06-26 21:00:00,13768.1
2018-06-27 00:00:00,6495.38
2018-06-27 03:00:00,13809.63
2018-06-27 06:00:00,13499.57
2018-06-27 09:00:00,13477.79
2018-06-27 12:00:00,13820.37
2018-06-27 15:00:00,13768.1
2018-06-27 18:00:00,13768.1
2018-06-27 21:00:00,13895.26
2018-06-28 00:00:00,6527.93
2018-06-28 03:00:00,13870.3
2018-06-28 06:00:00,13632.33
2018-06-28 09:00:00,13652.57
2018-06-28 12:00:00,13129.56
2018-06-28 15:00:00,13768.1
2018-06-28 18:00:00,13703.97
2018-06-28 21:00:00,14014.19
2018-06-29 00:00:00,6602.06
2018-06-29 03:00:00,13820.58
2018-06-29 06:00:00,13597.7
2018-06-29 09:00:00,13405.1
2018-06-29 12:00:00,13307.61
2018-06-29 15:00:00,13535.06
2018-06-29 18:00:00,13768.1
2018-06-29 21:00:00,13828.65
2018-06-30 00:00:00,6621.18
2018-06-30 03:00:00,13552.04
2018-06-30 06:00:00,13118.58
2018-06-30 09:00:00,14082.74
2018-06-30 12:00:00,13143.82
2018-06-30 15:00:00,13279.49
2018-06-30 18:00:00,13828.65
2018-06-30 21:00:00,13876.92
2018-07-01 00:00:00,6535.11
2018-07-01 03:00:00,13916.28
2018-07-01 06:00:00,13804.41
2018-07-01 09:00:00,14481.23
2018-07-01 12:00:00,14214.96
2018-07-01 15:00:00,14053.17
2018-07-01 18:00:00,13921.18
2018-07-01 21:00:00,14037.04
2018-07-02 00:00:00,6248.58
2018-07-02 03:00:00,13561.2
2018-07-02 06:00:00,13742.28
2018-07-02 09:00:00,13636.66
2018-07-02 12:00:00,13462.38
2018-07-02 15:00:00,13678.08
2018-07-02 18:00:00,13768.1
2018-07-02 21:00:00,13885.99
2018-07-03 00:00:00,6834.83
2018-07-03 03:00:00,13462.18
2018-07-03 06:00:00,13628.87
2018-07-03 09:00:00,13727.68
2018-07-03 12:00:00,13143.82
2018-07-03 15:00:00,13768.1
2018-07-03 18:00:00,13625.08
2018-07-03 21:00:00,13876.92
2018-07-04 00:00:00,6561.14
2018-07-04 03:00:00,13794.57
2018-07-04 06:00:00,13419.37
2018-07-04 09:00:00,13505.68
2018-07-04 12:00:00,14112.28
2018-07-04 15:00:00,13678.08
2018-07-04 18:00:00,13678.08
2018-07-04 21:00:00,13829.44
2018-07-05 00:00:00,6510.68
2018-07-05 03:00:00,13936.19
2018-07-05 06:00:00,13218.97
2018-07-05 09:00:00,13343.51
2018-07-05 12:00:00,12913.35
2018-07-05 15:00:00,12993.89
2018-07-05 18:00:00,12993.89
2018-07-05 21:00:00,13075.19
2018-07-06 00:00:00,6583.39
2018-07-06 03:00:00,13376.87
2018-07-06 06:00:00,13830.26
2018-07-06 09:00:00,13055.39
2018-07-06 12:00:00,13082.71
2018-07-06 15:00:00,13143.82
2018-07-06 18:00:00,13143.82
2018-07-06 21:00:00,13625.08
2018-07-07 00:00:00,6531.01
2018-07-07 03:00:00,13366.74
2018-07-07 06:00:00,13653.43
2018-07-07 09:00:00,13664.64
2018-07-07 12:00:00,13091.68
2018-07-07 15:00:00,12939.62
2018-07-07 18:00:00,13143.82
2018-07-07 21:00:00,13115.55
2018-07-08 00:00:00,6637.71
2018-07-08 03:00:00,13545.6
2018-07-08 06:00:00,13499.32
2018-07-08 09:00:00,14102.97
2018-07-08 12:00:00,13005.97
2018-07-08 15:00:00,12935.48
2018-07-08 18:00:00,13772.1
2018-07-08 21:00:00,13188.38
2018-07-09 00:00:00,6579.92
2018-07-09 03:00:00,14287.52
2018-07-09 06:00:00,13581.58
2018-07-09 09:00:00,13663.98
2018-07-09 12:00:00,12962.87
2018-07-09 15:00:00,13678.08
2018-07-09 18:00:00,13772.1
2018-07-09 21:00:00,13850.99
2018-07-10 00:00:00,6582.37
2018-07-10 03:00:00,14600.73
2018-07-10 06:00:00,14577.96
2018-07-10 09:00:00,13715.14
2018-07-10 12:00:00,13095.08
2018-07-10 15:00:00,13772.1
2018-07-10 18:00:00,13772.1
2018-07-10 21:00:00,13076.34
2018-07-11 00:00:00,7007.31
2018-07-11 03:00:00,13983.03
2018-07-11 06:00:00,13979.47
2018-07-11 09:00:00,13116.18
2018-07-11 12:00:00,13772.1
2018-07-11 15:00:00,13768.1
2018-07-11 18:00:00,13768.1
2018-07-11 21:00:00,13846.99
2018-07-12 00:00:00,6572.17
2018-07-12 03:00:00,13016.38
2018-07-12 06:00:00,13355.11
2018-07-12 09:00:00,13605.63
2018-07-12 12:00:00,12993.89
2018-07-12 15:00:00,13143.82
2018-07-12 18:00:00,13143.82
2018-07-12 21:00:00,12935.48
2018-07-13 00:00:00,6541.19
2018-07-13 03:00:00,13127.74
2018-07-13 06:00:00,13218.97
2018-07-13 09:00:00,13706.18
2018-07-13 12:00:00,13308.16
2018-07-13 15:00:00,12939.62
2018-07-13 18:00:00,13768.1
2018-07-13 21:00:00,13820.37
2018-07-14 00:00:00,6439.38
2018-07-14 03:00:00,14362.73
2018-07-14 06:00:00,13490.16
2018-07-14 09:00:00,14005.82
2018-07-14 12:00:00,13434.16
2018-07-14 15:00:00,13768.1
2018-07-14 18:00:00,13768.1
2018-07-14 21:00:00,13840.31
2018-07-15 00:00:00,6510.68
2018-07-15 03:00:00,13580.52
2018-07-15 06:00:00,13528.92
2018-07-15 09:00:00,14475.42
2018-07-15 12:00:00,13877.71
2018-07-15 15:00:00,13678.08
2018-07-15 18:00:00,13768.1
2018-07-15 21:00:00,13816.37
2018-07-16 00:00:00,6450.84
2018-07-16 03:00:00,13858.98
2018-07-16 06:00:00,13121.96
2018-07-16 09:00:00,13570.93
2018-07-16 12:00:00,13427.91
2018-07-16 15:00:00,13178.74
2018-07-16 18:00:00,13036.67
2018-07-16 21:00:00,13230.65
2018-07-17 00:00:00,6580.06
2018-07-17 03:00:00,14497.07
2018-07-17 06:00:00,14392.19
2018-07-17 09:00:00,13282.53
2018-07-17 12:00:00,13230.75
2018-07-17 15:00:00,13143.82
2018-07-17 18:00:00,12935.48
2018-07-17 21:00:00,13188.38
2018-07-18 00:00:00,6598.06
2018-07-18 03:00:00,13153.38
2018-07-18 06:00:00,13314.53
2018-07-18 09:00:00,13480.16
2018-07-18 12:00:00,13885.99
2018-07-18 15:00:00,13768.1
2018-07-18 18:00:00,13678.08
2018-07-18 21:00:00,13877.71
2018-07-19 00:00:00,6584.06
2018-07-19 03:00:00,13760.15
2018-07-19 06:00:00,13663.98
2018-07-19 09:00:00,13786.09
2018-07-19 12:00:00,13996.65
2018-07-19 15:00:00,13678.08
2018-07-19 18:00:00,13768.1
2018-07-19 21:00:00,13816.37
2018-07-20 00:00:00,6581.1
2018-07-20 03:00:00,13430.59
2018-07-20 06:00:00,13137.65
2018-07-20 09:00:00,13828.17
2018-07-20 12:00:00,13722.29
2018-07-20 15:00:00,13678.08
2018-07-20 18:00:00,13768.1
2018-07-20 21:00:00,13881.71
2018-07-21 00:00:00,6568.47
2018-07-21 03:00:00,13911.72
2018-07-21 06:00:00,13898.21
2018-07-21 09:00:00,13091.68
2018-07-21 12:00:00,13129.46
2018-07-21 15:00:00,13625.08
2018-07-21 18:00:00,12939.62
2018-07-21 21:00:00,13850.99
2018-07-22 00:00:00,6509.02
2018-07-22 03:00:00,13179.77
2018-07-22 06:00:00,13317.51
2018-07-22 09:00:00,13591.19
2018-07-22 12:00:00,13034.07
2018-07-22 15:00:00,12935.48
2018-07-22 18:00:00,12939.62
2018-07-22 21:00:00,13279.72
2018-07-23 00:00:00,6561.14
2018-07-23 03:00:00,13794.57
2018-07-23 06:00:00,13828.17
2018-07-23 09:00:00,13434.35
2018-07-23 12:00:00,13112.23
2018-07-23 15:00:00,13681.63
2018-07-23 18:00:00,13828.65
2018-07-23 21:00:00,13772.1
2018-07-24 00:00:00,6622.45
2018-07-24 03:00:00,13815.52
2018-07-24 06:00:00,13624.71
2018-07-24 09:00:00,14310.51
2018-07-24 12:00:00,13768.1
2018-07-24 15:00:00,13678.08
2018-07-24 18:00:00,13768.1
2018-07-24 21:00:00,13816.37
2018-07-25 00:00:00,6829.01
2018-07-25 03:00:00,13501.55
2018-07-25 06:00:00,13618.78
2018-07-25 09:00:00,13825.12
2018-07-25 12:00:00,13283.14
2018-07-25 15:00:00,13772.1
2018-07-25 18:00:00,13772.1
2018-07-25 21:00:00,13772.1
2018-07-26 00:00:00,6977.15
2018-07-26 03:00:00,13598.74
2018-07-26 06:00:00,13708.63
2018-07-26 09:00:00,14016.84
2018-07-26 12:00:00,14246.81
2018-07-26 15:00:00,13768.1
2018-07-26 18:00:00,13768.1
2018-07-26 21:00:00,13768.1
2018-07-27 00:00:00,6510.68
2018-07-27 03:00:00,13631.78
2018-07-27 06:00:00,13505.04
2018-07-27 09:00:00,13901.7
2018-07-27 12:00:00,14253.2
2018-07-27 15:00:00,13768.1
2018-07-27 18:00:00,13768.1
2018-07-27 21:00:00,13768.1
2018-07-28 00:00:00,6543.43
2018-07-28 03:00:00,13723.65
2018-07-28 06:00:00,13793.69
2018-07-28 09:00:00,13435.04
2018-07-28 12:00:00,13829.44
2018-07-28 15:00:00,13678.08
2018-07-28 18:00:00,13768.1
2018-07-28 21:00:00,13824.65
2018-07-29 00:00:00,6332.71
2018-07-29 03:00:00,14175.67
2018-07-29 06:00:00,13294.04
2018-07-29 09:00:00,14178.89
2018-07-29 12:00:00,13851.54
2018-07-29 15:00:00,13768.1
2018-07-29 18:00:00,13768.1
2018-07-29 21:00:00,13824.65
2018-07-30 00:00:00,6559.83
2018-07-30 03:00:00,13623.95
2018-07-30 06:00:00,13617.98
2018-07-30 09:00:00,14290.44
2018-07-30 12:00:00,13143.9
2018-07-30 15:00:00,13216.92
2018-07-30 18:00:00,13768.1
2018-07-30 21:00:00,13938.26
2018-07-31 00:00:00,7179.21
2018-07-31 03:00:00,13782.75
2018-07-31 06:00:00,13434.89
2018-07-31 09:00:00,13468.84
2018-07-31 12:00:00,12909.21
2018-07-31 15:00:00,13143.82
2018-07-31 18:00:00,12935.48
2018-07-31 21:00:00,13107.17
2018-08-01 00:00:00,6715.46
2018-08-01 03:00:00,13770.06
2018-08-01 06:00:00,13632.24
2018-08-01 09:00:00,14221.67
2018-08-01 12:00:00,14039.91
2018-08-01 15:00:00,13339.96
2018-08-01 18:00:00,13339.96
2018-08-01 21:00:00,13755.72
2018-08-02 00:00:00,6904.18
2018-08-02 03:00:00,13632.23
2018-08-02 06:00:00,13568.43
2018-08-02 09:00:00,13638.3
2018-08-02 12:00:00,13491.65
2018-08-02 15:00:00,12935.48
2018-08-02 18:00:00,12993.89
2018-08-02 21:00:00,13180.55
2018-08-03 00:00:00,7365.55
2018-08-03 03:00:00,13650.15
2018-08-03 06:00:00,13678.51
2018-08-03 09:00:00,13725.32
2018-08-03 12:00:00,13821.85
2018-08-03 15:00:00,12941.67
2018-08-03 18:00:00,13772.1
2018-08-03 21:00:00,13752.24
2018-08-04 00:00:00,6494.22
2018-08-04 03:00:00,13643.0
2018-08-04 06:00:00,13903.24
2018-08-04 09:00:00,14019.01
2018-08-04 12:00:00,13129.56
2018-08-04 15:00:00,12993.89
2018-08-04 18:00:00,13625.08
2018-08-04 21:00:00,14301.09
2018-08-05 00:00:00,6894.27
2018-08-05 03:00:00,14197.34
2018-08-05 06:00:00,13496.23
2018-08-05 09:00:00,13638.3
2018-08-05 12:00:00,13159.39
2018-08-05 15:00:00,12900.53
2018-08-05 18:00:00,13143.82
2018-08-05 21:00:00,13350.22
2018-08-06 00:00:00,6561.14
2018-08-06 03:00:00,13605.98
2018-08-06 06:00:00,13656.09
2018-08-06 09:00:00,13497.22
2018-08-06 12:00:00,12932.7
2018-08-06 15:00:00,13071.15
2018-08-06 18:00:00,13143.82
2018-08-06 21:00:00,13820.37
2018-08-07 00:00:00,6528.59
2018-08-07 03:00:00,14022.1
2018-08-07 06:00:00,13198.05
2018-08-07 09:00:00,13416.39
2018-08-07 12:00:00,12939.62
2018-08-07 15:00:00,13768.1
2018-08-07 18:00:00,13678.08
2018-08-07 21:00:00,14010.19
2018-08-08 00:00:00,6457.5
2018-08-08 03:00:00,13400.21
2018-08-08 06:00:00,13823.24
2018-08-08 09:00:00,13238.67
2018-08-08 12:00:00,12935.48
2018-08-08 15:00:00,13772.1
2018-08-08 18:00:00,13768.1
2018-08-08 21:00:00,14154.33
2018-08-09 00:00:00,6503.35
2018-08-09 03:00:00,13190.91
2018-08-09 06:00:00,14091.75
2018-08-09 09:00:00,13768.48
2018-08-09 12:00:00,13046.31
2018-08-09 15:00:00,13574.93
2018-08-09 18:00:00,13726.35
2018-08-09 21:00:00,13820.37
2018-08-10 00:00:00,6505.78
2018-08-10 03:00:00,14351.5
2018-08-10 06:00:00,13849.18
2018-08-10 09:00:00,13210.17
2018-08-10 12:00:00,13380.91
2018-08-10 15:00:00,12935.48
2018-08-10 18:00:00,12993.89
2018-08-10 21:00:00,12993.89
2018-08-11 00:00:00,6456.59
2018-08-11 03:00:00,13118.58
2018-08-11 06:00:00,13720.46
2018-08-11 09:00:00,13814.42
2018-08-11 12:00:00,13075.29
2018-08-11 15:00:00,12935.48
2018-08-11 18:00:00,13143.82
2018-08-11 21:00:00,13034.07
2018-08-12 00:00:00,6656.12
2018-08-12 03:00:00,13727.83
2018-08-12 06:00:00,13909.06
2018-08-12 09:00:00,13702.34
2018-08-12 12:00:00,12905.34
2018-08-12 15:00:00,13678.08
2018-08-12 18:00:00,13678.08
2018-08-12 21:00:00,13824.65
2018-08-13 00:00:00,6441.83
2018-08-13 03:00:00,13278.92
2018-08-13 06:00:00,12993.89
2018-08-13 09:00:00,13564.18
2018-08-13 12:00:00,13686.42
2018-08-13 15:00:00,13678.08
2018-08-13 18:00:00,13678.08
2018-08-13 21:00:00,13820.37
2018-08-14 00:00:00,6832.8
2018-08-14 03:00:00,14209.03
2018-08-14 06:00:00,14099.73
2018-08-14 09:00:00,13633.97
2018-08-14 12:00:00,12939.62
2018-08-14 15:00:00,12993.89
2018-08-14 18:00:00,12993.89
2018-08-14 21:00:00,13071.15
2018-08-15 00:00:00,6989.6
2018-08-15 03:00:00,14054.58
2018-08-15 06:00:00,13732.33
2018-08-15 09:00:00,13459.26
2018-08-15 12:00:00,13024.91
2018-08-15 15:00:00,13535.06
2018-08-15 18:00:00,12993.89
2018-08-15 21:00:00,13095.08
2018-08-16 00:00:00,6834.83
2018-08-16 03:00:00,13144.85
2018-08-16 06:00:00,13427.93
2018-08-16 09:00:00,13452.56
2018-08-16 12:00:00,13673.65
2018-08-16 15:00:00,13625.08
2018-08-16 18:00:00,13772.1
2018-08-16 21:00:00,13686.42
2018-08-17 00:00:00,6527.51
2018-08-17 03:00:00,13115.55
2018-08-17 06:00:00,13028.29
2018-08-17 09:00:00,13202.58
2018-08-17 12:00:00,12828.33
2018-08-17 15:00:00,13143.9
2018-08-17 18:00:00,13164.26
2018-08-17 21:00:00,13889.99
2018-08-18 00:00:00,6473.37
2018-08-18 03:00:00,14187.06
2018-08-18 06:00:00,13355.59
2018-08-18 09:00:00,13445.75
2018-08-18 12:00:00,13124.71
2018-08-18 15:00:00,13034.07
2018-08-18 18:00:00,13150.45
2018-08-18 21:00:00,13350.22
2018-08-19 00:00:00,6576.7
2018-08-19 03:00:00,13640.96
2018-08-19 06:00:00,13499.32
2018-08-19 09:00:00,13135.69
2018-08-19 12:00:00,13445.75
2018-08-19 15:00:00,12993.89
2018-08-19 18:00:00,13049.26
2018-08-19 21:00:00,13577.17
2018-08-20 00:00:00,6634.49
2018-08-20 03:00:00,13459.22
2018-08-20 06:00:00,13285.86
2018-08-20 09:00:00,13753.99
2018-08-20 12:00:00,13492.8
2018-08-20 15:00:00,12935.48
2018-08-20 18:00:00,12993.89
2018-08-20 21:00:00,13279.72
2018-08-21 00:00:00,6711.47
2018-08-21 03:00:00,13273.2
2018-08-21 06:00:00,13183.26
2018-08-21 09:00:00,13723.65
2018-08-21 12:00:00,13831.35
2018-08-21 15:00:00,13171.94
2018-08-21 18:00:00,12913.35
2018-08-21 21:00:00,13129.46
2018-08-22 00:00:00,6905.49
2018-08-22 03:00:00,13517.13
2018-08-22 06:00:00,13563.81
2018-08-22 09:00:00,13429.9
2018-08-22 12:00:00,13115.45
2018-08-22 15:00:00,13036.67
2018-08-22 18:00:00,13768.1
2018-08-22 21:00:00,14724.65
2018-08-23 00:00:00,6708.62
2018-08-23 03:00:00,13861.62
2018-08-23 06:00:00,13876.29
2018-08-23 09:00:00,13866.99
2018-08-23 12:00:00,13042.86
2018-08-23 15:00:00,13178.74
2018-08-23 18:00:00,13829.44
2018-08-23 21:00:00,13791.24
2018-08-24 00:00:00,6997.11
2018-08-24 03:00:00,13369.4
2018-08-24 06:00:00,13566.24
2018-08-24 09:00:00,13594.89
2018-08-24 12:00:00,12907.19
2018-08-24 15:00:00,13143.82
2018-08-24 18:00:00,13768.1
2018-08-24 21:00:00,13819.91
2018-08-25 00:00:00,7007.12
2018-08-25 03:00:00,13573.21
2018-08-25 06:00:00,13740.41
2018-08-25 09:00:00,13129.12
2018-08-25 12:00:00,13279.02
2018-08-25 15:00:00,13768.1
2018-08-25 18:00:00,13768.1
2018-08-25 21:00:00,13279.39
2018-08-26 00:00:00,6956.59
2018-08-26 03:00:00,14165.45
2018-08-26 06:00:00,13198.99
2018-08-26 09:00:00,13045.17
2018-08-26 12:00:00,13282.73
2018-08-26 15:00:00,12935.48
2018-08-26 18:00:00,13625.08
2018-08-26 21:00:00,13129.46
2018-08-27 00:00:00,6693.78
2018-08-27 03:00:00,13819.2
2018-08-27 06:00:00,13641.13
2018-08-27 09:00:00,13745.53
2018-08-27 12:00:00,13663.07
2018-08-27 15:00:00,13075.19
2018-08-27 18:00:00,13682.08
2018-08-27 21:00:00,13230.75
2018-08-28 00:00:00,6524.71
2018-08-28 03:00:00,13116.18
2018-08-28 06:00:00,13564.38
2018-08-28 09:00:00,13344.12
2018-08-28 12:00:00,14221.64
2018-08-28 15:00:00,13678.08
2018-08-28 18:00:00,13768.1
2018-08-28 21:00:00,13956.6
2018-08-29 00:00:00,6449.16
2018-08-29 03:00:00,13158.23
2018-08-29 06:00:00,13279.02
2018-08-29 09:00:00,13169.56
2018-08-29 12:00:00,12935.48
2018-08-29 15:00:00,13143.82
2018-08-29 18:00:00,12935.48
2018-08-29 21:00:00,13279.72
2018-08-30 00:00:00,6979.77
2018-08-30 03:00:00,13457.31
2018-08-30 06:00:00,13509.22
2018-08-30 09:00:00,13285.86
2018-08-30 12:00:00,12987.49
2018-08-30 15:00:00,12993.89
2018-08-30 18:00:00,12974.54
2018-08-30 21:00:00,13129.56
2018-08-31 00:00:00,6538.9
2018-08-31 03:00:00,13635.17
2018-08-31 06:00:00,13759.92
2018-08-31 09:00:00,13577.17
2018-08-31 12:00:00,13427.93
2018-08-31 15:00:00,12935.48
2018-08-31 18:00:00,12939.62
2018-08-31 21:00:00,13115.55
2018-09-01 00:00:00,6740.94
2018-09-01 03:00:00,13685.48
2018-09-01 06:00:00,13682.82
2018-09-01 09:00:00,13984.99
2018-09-01 12:00:00,13863.23
2018-09-01 15:00:00,13339.96
2018-09-01 18:00:00,13344.1
2018-09-01 21:00:00,13716.33
2018-09-02 00:00:00,6834.83
2018-09-02 03:00:00,13654.42
2018-09-02 06:00:00,13618.76
2018-09-02 09:00:00,13166.92
2018-09-02 12:00:00,13189.08
2018-09-02 15:00:00,13143.82
2018-09-02 18:00:00,13772.1
2018-09-02 21:00:00,13752.24
2018-09-03 00:00:00,6694.53
2018-09-03 03:00:00,13343.72
2018-09-03 06:00:00,13397.04
2018-09-03 09:00:00,13515.77
2018-09-03 12:00:00,13405.49
2018-09-03 15:00:00,13143.82
2018-09-03 18:00:00,13686.42
2018-09-03 21:00:00,13900.86
2018-09-04 00:00:00,6511.93
2018-09-04 03:00:00,13593.53
2018-09-04 06:00:00,13654.03
2018-09-04 09:00:00,13645.38
2018-09-04 12:00:00,13545.82
2018-09-04 15:00:00,12939.62
2018-09-04 18:00:00,13772.1
2018-09-04 21:00:00,14009.88
2018-09-05 00:00:00,6956.21
2018-09-05 03:00:00,14034.68
2018-09-05 06:00:00,13577.17
2018-09-05 09:00:00,13116.18
2018-09-05 12:00:00,14132.18
2018-09-05 15:00:00,13829.44
2018-09-05 18:00:00,13768.1
2018-09-05 21:00:00,13872.92
2018-09-06 00:00:00,6557.9
2018-09-06 03:00:00,13633.01
2018-09-06 06:00:00,13677.56
2018-09-06 09:00:00,13627.71
2018-09-06 12:00:00,12998.64
2018-09-06 15:00:00,12939.62
2018-09-06 18:00:00,13625.08
2018-09-06 21:00:00,13445.75
2018-09-07 00:00:00,6476.31
2018-09-07 03:00:00,14245.0
2018-09-07 06:00:00,14272.87
2018-09-07 09:00:00,13756.31
2018-09-07 12:00:00,13036.82
2018-09-07 15:00:00,12935.48
2018-09-07 18:00:00,12993.89
2018-09-07 21:00:00,14311.78
2018-09-08 00:00:00,6438.58
2018-09-08 03:00:00,13341.06
2018-09-08 06:00:00,13279.72
2018-09-08 09:00:00,13460.48
2018-09-08 12:00:00,12962.87
2018-09-08 15:00:00,13686.42
2018-09-08 18:00:00,13445.65
2018-09-08 21:00:00,13661.0
2018-09-09 00:00:00,6728.93
2018-09-09 03:00:00,13722.16
2018-09-09 06:00:00,13964.43
2018-09-09 09:00:00,13279.72
2018-09-09 12:00:00,13150.45
2018-09-09 15:00:00,12993.89
2018-09-09 18:00:00,13686.42
2018-09-09 21:00:00,13820.58
2018-09-10 00:00:00,6956.59
2018-09-10 03:00:00,13289.03
2018-09-10 06:00:00,13246.42
2018-09-10 09:00:00,13783.68
2018-09-10 12:00:00,13107.02
2018-09-10 15:00:00,12935.48
2018-09-10 18:00:00,13024.91
2018-09-10 21:00:00,13164.26
2018-09-11 00:00:00,6584.06
2018-09-11 03:00:00,13662.36
2018-09-11 06:00:00,13427.93
2018-09-11 09:00:00,13279.02
2018-09-11 12:00:00,13899.26
2018-09-11 15:00:00,12939.62
2018-09-11 18:00:00,12939.62
2018-09-11 21:00:00,13479.53
2018-09-12 00:00:00,6567.98
2018-09-12 03:00:00,13691.94
2018-09-12 06:00:00,13483.3
2018-09-12 09:00:00,13909.06
2018-09-12 12:00:00,13477.79
2018-09-12 15:00:00,12993.89
2018-09-12 18:00:00,12993.89
2018-09-12 21:00:00,13635.17
2018-09-13 00:00:00,6524.71
2018-09-13 03:00:00,14054.49
2018-09-13 06:00:00,13727.83
2018-09-13 09:00:00,13398.07
2018-09-13 12:00:00,13403.85
2018-09-13 15:00:00,12993.89
2018-09-13 18:00:00,12935.48
2018-09-13 21:00:00,13480.16
2018-09-14 00:00:00,6550.96
2018-09-14 03:00:00,13727.83
2018-09-14 06:00:00,13987.01
2018-09-14 09:00:00,13507.39
2018-09-14 12:00:00,12811.64
2018-09-14 15:00:00,12935.48
2018-09-14 18:00:00,12935.48
2018-09-14 21:00:00,13176.08
2018-09-15 00:00:00,6769.7
2018-09-15 03:00:00,13395.41
2018-09-15 06:00:00,13438.06
2018-09-15 09:00:00,13227.4
2018-09-15 12:00:00,13025.54
2018-09-15 15:00:00,12909.21
2018-09-15 18:00:00,13188.38
2018-09-15 21:00:00,14470.97
2018-09-16 00:00:00,6634.49
2018-09-16 03:00:00,14115.65
2018-09-16 06:00:00,13791.91
2018-09-16 09:00:00,13935.76
2018-09-16 12:00:00,13444.7
2018-09-16 15:00:00,12935.48
2018-09-16 18:00:00,12993.89
2018-09-16 21:00:00,13811.97
2018-09-17 00:00:00,6475.5
2018-09-17 03:00:00,13655.23
2018-09-17 06:00:00,13732.33
2018-09-17 09:00:00,13176.08
2018-09-17 12:00:00,12966.53
2018-09-17 15:00:00,12913.35
2018-09-17 18:00:00,12939.62
2018-09-17 21:00:00,13474.42
2018-09-18 00:00:00,6614.54
2018-09-18 03:00:00,13358.03
2018-09-18 06:00:00,13772.37
2018-09-18 09:00:00,13463.71
2018-09-18 12:00:00,13583.25
2018-09-18 15:00:00,12932.7
2018-09-18 18:00:00,13772.1
2018-09-18 21:00:00,13685.79
2018-09-19 00:00:00,6460.83
2018-09-19 03:00:00,14023.91
2018-09-19 06:00:00,13563.04
2018-09-19 09:00:00,13117.35
2018-09-19 12:00:00,13602.09
2018-09-19 15:00:00,12851.82
2018-09-19 18:00:00,12907.19
2018-09-19 21:00:00,13925.01
2018-09-20 00:00:00,6956.59
2018-09-20 03:00:00,13507.85
2018-09-20 06:00:00,13365.78
2018-09-20 09:00:00,13170.84
2018-09-20 12:00:00,13561.52
2018-09-20 15:00:00,12974.54
2018-09-20 18:00:00,12939.62
2018-09-20 21:00:00,13634.4
2018-09-21 00:00:00,6561.14
2018-09-21 03:00:00,13946.07
2018-09-21 06:00:00,13426.96
2018-09-21 09:00:00,13298.3
2018-09-21 12:00:00,13433.97
2018-09-21 15:00:00,13427.91
2018-09-21 18:00:00,13143.82
2018-09-21 21:00:00,13527.99
2018-09-22 00:00:00,6905.49
2018-09-22 03:00:00,14407.22
2018-09-22 06:00:00,13662.46
2018-09-22 09:00:00,13670.99
2018-09-22 12:00:00,13877.06
2018-09-22 15:00:00,13682.08
2018-09-22 18:00:00,12939.62
2018-09-22 21:00:00,13271.19
2018-09-23 00:00:00,6704.18
2018-09-23 03:00:00,13877.62
2018-09-23 06:00:00,13812.31
2018-09-23 09:00:00,14127.06
2018-09-23 12:00:00,13758.96
2018-09-23 15:00:00,13251.13
2018-09-23 18:00:00,12935.48
2018-09-23 21:00:00,13188.93
2018-09-24 00:00:00,6581.39
2018-09-24 03:00:00,13659.17
2018-09-24 06:00:00,14218.82
2018-09-24 09:00:00,13742.99
2018-09-24 12:00:00,13673.35
2018-09-24 15:00:00,12935.48
2018-09-24 18:00:00,12935.48
2018-09-24 21:00:00,13095.95
2018-09-25 00:00:00,6602.0
2018-09-25 03:00:00,13368.32
2018-09-25 06:00:00,13082.71
2018-09-25 09:00:00,12993.89
2018-09-25 12:00:00,13124.55
2018-09-25 15:00:00,12932.7
2018-09-25 18:00:00,13068.27
2018-09-25 21:00:00,13158.23
2018-09-26 00:00:00,6510.68
2018-09-26 03:00:00,13588.73
2018-09-26 06:00:00,14011.01
2018-09-26 09:00:00,13828.65
2018-09-26 12:00:00,13143.82
2018-09-26 15:00:00,13143.82
2018-09-26 18:00:00,12935.48
2018-09-26 21:00:00,13840.31
2018-09-27 00:00:00,6487.58
2018-09-27 03:00:00,13264.69
2018-09-27 06:00:00,13309.16
2018-09-27 09:00:00,13251.13
2018-09-27 12:00:00,13253.79
2018-09-27 15:00:00,12993.89
2018-09-27 18:00:00,13071.05
2018-09-27 21:00:00,13652.57
2018-09-28 00:00:00,6638.43
2018-09-28 03:00:00,14205.5
2018-09-28 06:00:00,13577.87
2018-09-28 09:00:00,13576.31
2018-09-28 12:00:00,13300.71
2018-09-28 15:00:00,12935.48
2018-09-28 18:00:00,12939.62
2018-09-28 21:00:00,13484.73
2018-09-29 00:00:00,6956.59
2018-09-29 03:00:00,14018.51
2018-09-29 06:00:00,13369.4
2018-09-29 09:00:00,13375.71
2018-09-29 12:00:00,13378.37
2018-09-29 15:00:00,12896.39
2018-09-29 18:00:00,12993.89
2018-09-29 21:00:00,13577.11
2018-09-30 00:00:00,6350.65
2018-09-30 03:00:00,13259.42
2018-09-30 06:00:00,13308.39
2018-09-30 09:00:00,13463.91
2018-09-30 12:00:00,13201.44
2018-09-30 15:00:00,12993.89
2018-09-30 18:00:00,12935.48
2018-09-30 21:00:00,13807.57
2018-10-01 00:00:00,6547.67
2018-10-01 03:00:00,13779.85
2018-10-01 06:00:00,14364.42
2018-10-01 09:00:00,13934.08
2018-10-01 12:00:00,14207.2
2018-10-01 15:00:00,13545.46
2018-10-01 18:00:00,13344.1
2018-10-01 21:00:00,13689.94
2018-10-02 00:00:00,6624.4
2018-10-02 03:00:00,13308.54
2018-10-02 06:00:00,14047.06
2018-10-02 09:00:00,13765.31
2018-10-02 12:00:00,13444.46
2018-10-02 15:00:00,13269.82
2018-10-02 18:00:00,12974.54
2018-10-02 21:00:00,13576.96
2018-10-03 00:00:00,6540.19
2018-10-03 03:00:00,13740.66
2018-10-03 06:00:00,13568.43
2018-10-03 09:00:00,13369.4
2018-10-03 12:00:00,13549.8
2018-10-03 15:00:00,12993.89
2018-10-03 18:00:00,12993.89
2018-10-03 21:00:00,13787.45
2018-10-04 00:00:00,6532.04
2018-10-04 03:00:00,13761.37
2018-10-04 06:00:00,13184.49
2018-10-04 09:00:00,13643.7
2018-10-04 12:00:00,13732.08
2018-10-04 15:00:00,12862.64
2018-10-04 18:00:00,12939.62
2018-10-04 21:00:00,13727.83
2018-10-05 00:00:00,6635.19
2018-10-05 03:00:00,13597.95
2018-10-05 06:00:00,13739.69
2018-10-05 09:00:00,13129.56
2018-10-05 12:00:00,13706.25
2018-10-05 15:00:00,12913.35
2018-10-05 18:00:00,13143.82
2018-10-05 21:00:00,13652.57
2018-10-06 00:00:00,6662.2
2018-10-06 03:00:00,14233.6
2018-10-06 06:00:00,13719.21
2018-10-06 09:00:00,13756.65
2018-10-06 12:00:00,13548.37
2018-10-06 15:00:00,13660.78
2018-10-06 18:00:00,13678.08
2018-10-06 21:00:00,14110.74
2018-10-07 00:00:00,6339.17
2018-10-07 03:00:00,13189.08
2018-10-07 06:00:00,13545.92
2018-10-07 09:00:00,13958.79
2018-10-07 12:00:00,13713.47
2018-10-07 15:00:00,12935.48
2018-10-07 18:00:00,13143.82
2018-10-07 21:00:00,13596.4
2018-10-08 00:00:00,6313.78
2018-10-08 03:00:00,13528.41
2018-10-08 06:00:00,13136.16
2018-10-08 09:00:00,13326.46
2018-10-08 12:00:00,13467.05
2018-10-08 15:00:00,13016.38
2018-10-08 18:00:00,13067.18
2018-10-08 21:00:00,13105.11
2018-10-09 00:00:00,6723.36
2018-10-09 03:00:00,13456.6
2018-10-09 06:00:00,12987.49
2018-10-09 09:00:00,13279.62
2018-10-09 12:00:00,13478.24
2018-10-09 15:00:00,13772.1
2018-10-09 18:00:00,13768.1
2018-10-09 21:00:00,14097.78
2018-10-10 00:00:00,6423.08
2018-10-10 03:00:00,13202.18
2018-10-10 06:00:00,13343.51
2018-10-10 09:00:00,13511.44
2018-10-10 12:00:00,13444.7
2018-10-10 15:00:00,13398.05
2018-10-10 18:00:00,13095.08
2018-10-10 21:00:00,13522.33
2018-10-11 00:00:00,6180.18
2018-10-11 03:00:00,13464.33
2018-10-11 06:00:00,13322.78
2018-10-11 09:00:00,13470.66
2018-10-11 12:00:00,14092.91
2018-10-11 15:00:00,13739.42
2018-10-11 18:00:00,14154.33
2018-10-11 21:00:00,13416.95
2018-10-12 00:00:00,6580.82
2018-10-12 03:00:00,13759.75
2018-10-12 06:00:00,13628.54
2018-10-12 09:00:00,13565.48
2018-10-12 12:00:00,13409.47
2018-10-12 15:00:00,13188.38
2018-10-12 18:00:00,12931.61
2018-10-12 21:00:00,13553.06
2018-10-13 00:00:00,6560.89
2018-10-13 03:00:00,13473.04
2018-10-13 06:00:00,13109.06
2018-10-13 09:00:00,13247.97
2018-10-13 12:00:00,13466.62
2018-10-13 15:00:00,13109.54
2018-10-13 18:00:00,13095.08
2018-10-13 21:00:00,13410.25
2018-10-14 00:00:00,6180.18
2018-10-14 03:00:00,13739.42
2018-10-14 06:00:00,14980.75
2018-10-14 09:00:00,14132.84
2018-10-14 12:00:00,13829.44
2018-10-14 15:00:00,13829.44
2018-10-14 18:00:00,13768.1
2018-10-14 21:00:00,13824.65
2018-10-15 00:00:00,6513.13
2018-10-15 03:00:00,13129.56
2018-10-15 06:00:00,13129.12
2018-10-15 09:00:00,13634.26
2018-10-15 12:00:00,13143.82
2018-10-15 15:00:00,13846.99
2018-10-15 18:00:00,12935.48
2018-10-15 21:00:00,13244.45
2018-10-16 00:00:00,6728.93
2018-10-16 03:00:00,13129.12
2018-10-16 06:00:00,13674.82
2018-10-16 09:00:00,13287.44
2018-10-16 12:00:00,13545.6
2018-10-16 15:00:00,13180.55
2018-10-16 18:00:00,13217.73
2018-10-16 21:00:00,13500.85
2018-10-17 00:00:00,7076.18
2018-10-17 03:00:00,13638.32
2018-10-17 06:00:00,13161.38
2018-10-17 09:00:00,13547.6
2018-10-17 12:00:00,13417.99
2018-10-17 15:00:00,12832.47
2018-10-17 18:00:00,13833.44
2018-10-17 21:00:00,13575.99
2018-10-18 00:00:00,6524.71
2018-10-18 03:00:00,13672.37
2018-10-18 06:00:00,13446.66
2018-10-18 09:00:00,13568.43
2018-10-18 12:00:00,13820.37
2018-10-18 15:00:00,13828.65
2018-10-18 18:00:00,13833.44
2018-10-18 21:00:00,13269.82
2018-10-19 00:00:00,6370.4
2018-10-19 03:00:00,13851.54
2018-10-19 06:00:00,13355.98
2018-10-19 09:00:00,12939.62
2018-10-19 12:00:00,13686.42
2018-10-19 15:00:00,14190.26
2018-10-19 18:00:00,13269.82
2018-10-19 21:00:00,14149.27
2018-10-20 00:00:00,6625.27
2018-10-20 03:00:00,14105.64
2018-10-20 06:00:00,13420.77
2018-10-20 09:00:00,13607.86
2018-10-20 12:00:00,13814.35
2018-10-20 15:00:00,14031.31
2018-10-20 18:00:00,13824.65
2018-10-20 21:00:00,13409.37
2018-10-21 00:00:00,6956.59
2018-10-21 03:00:00,13882.48
2018-10-21 06:00:00,13599.92
2018-10-21 09:00:00,13355.11
2018-10-21 12:00:00,13612.94
2018-10-21 15:00:00,13269.82
2018-10-21 18:00:00,13382.89
2018-10-21 21:00:00,13576.16
2018-10-22 00:00:00,6663.22
2018-10-22 03:00:00,13494.7
2018-10-22 06:00:00,13601.29
2018-10-22 09:00:00,13617.77
2018-10-22 12:00:00,12993.89
2018-10-22 15:00:00,12993.89
2018-10-22 18:00:00,13695.45
2018-10-22 21:00:00,13821.29
2018-10-23 00:00:00,6765.36
2018-10-23 03:00:00,13381.3
2018-10-23 06:00:00,13530.3
2018-10-23 09:00:00,13752.32
2018-10-23 12:00:00,13581.58
2018-10-23 15:00:00,13095.08
2018-10-23 18:00:00,13215.62
2018-10-23 21:00:00,13691.76
2018-10-24 00:00:00,6420.19
2018-10-24 03:00:00,13576.96
2018-10-24 06:00:00,13647.11
2018-10-24 09:00:00,13483.3
2018-10-24 12:00:00,13498.73
2018-10-24 15:00:00,13343.51
2018-10-24 18:00:00,13132.61
2018-10-24 21:00:00,13529.6
2018-10-25 00:00:00,6724.4
2018-10-25 03:00:00,13581.48
2018-10-25 06:00:00,13629.35
2018-10-25 09:00:00,13430.1
2018-10-25 12:00:00,13825.31
2018-10-25 15:00:00,13739.97
2018-10-25 18:00:00,13324.99
2018-10-25 21:00:00,13712.04
2018-10-26 00:00:00,6768.16
2018-10-26 03:00:00,13672.95
2018-10-26 06:00:00,13823.24
2018-10-26 09:00:00,13510.55
2018-10-26 12:00:00,13722.49
2018-10-26 15:00:00,13917.76
2018-10-26 18:00:00,13703.59
2018-10-26 21:00:00,12993.89
2018-10-27 00:00:00,6975.66
2018-10-27 03:00:00,13173.09
2018-10-27 06:00:00,13454.58
2018-10-27 09:00:00,13652.82
2018-10-27 12:00:00,13024.91
2018-10-27 15:00:00,13621.44
2018-10-27 18:00:00,13124.71
2018-10-27 21:00:00,13772.1
2018-10-28 00:00:00,6506.01
2018-10-28 03:00:00,13116.18
2018-10-28 06:00:00,13496.18
2018-10-28 09:00:00,13076.44
2018-10-28 12:00:00,13424.81
2018-10-28 15:00:00,13768.1
2018-10-28 18:00:00,13229.11
2018-10-28 21:00:00,13900.86
2018-10-29 00:00:00,6479.53
2018-10-29 03:00:00,13599.92
2018-10-29 06:00:00,13678.08
2018-10-29 09:00:00,13678.08
2018-10-29 12:00:00,13678.08
2018-10-29 15:00:00,13678.08
2018-10-29 18:00:00,13768.1
2018-10-29 21:00:00,13824.65
2018-10-30 00:00:00,6505.8
2018-10-30 03:00:00,13920.09
2018-10-30 06:00:00,13816.37
2018-10-30 09:00:00,13743.42
2018-10-30 12:00:00,14092.13
2018-10-30 15:00:00,14190.26
2018-10-30 18:00:00,13833.44
2018-10-30 21:00:00,13918.66
2018-10-31 00:00:00,7093.12
2018-10-31 03:00:00,13576.41
2018-10-31 06:00:00,13828.65
2018-10-31 09:00:00,13897.4
2018-10-31 12:00:00,13846.99
2018-10-31 15:00:00,13846.99
2018-10-31 18:00:00,13925.53
2018-10-31 21:00:00,13335.09
2018-11-01 00:00:00,7294.39
2018-11-01 03:00:00,13945.82
2018-11-01 06:00:00,13693.43
2018-11-01 09:00:00,14162.8
2018-11-01 12:00:00,13805.22
2018-11-01 15:00:00,13640.05
2018-11-01 18:00:00,14378.92
2018-11-01 21:00:00,14502.54
2018-11-02 00:00:00,6693.8
2018-11-02 03:00:00,13493.1
2018-11-02 06:00:00,13494.95
2018-11-02 09:00:00,14216.66
2018-11-02 12:00:00,14325.95
2018-11-02 15:00:00,13829.67
2018-11-02 18:00:00,13815.89
2018-11-02 21:00:00,13576.96
2018-11-03 00:00:00,6791.83
2018-11-03 03:00:00,13776.79
2018-11-03 06:00:00,13363.16
2018-11-03 09:00:00,13599.91
2018-11-03 12:00:00,13752.87
2018-11-03 15:00:00,13344.23
2018-11-03 18:00:00,13576.96
2018-11-03 21:00:00,13129.12
2018-11-04 00:00:00,6919.02
2018-11-04 03:00:00,13218.97
2018-11-04 06:00:00,13218.97
2018-11-04 09:00:00,14591.86
2018-11-04 12:00:00,13450.92
2018-11-04 15:00:00,13993.62
2018-11-04 18:00:00,14595.55
2018-11-04 21:00:00,13866.97
2018-11-05 00:00:00,6666.38
2018-11-05 03:00:00,13733.12
2018-11-05 06:00:00,14456.63
2018-11-05 09:00:00,13877.71
2018-11-05 12:00:00,13768.1
2018-11-05 15:00:00,13768.1
2018-11-05 18:00:00,13768.1
2018-11-05 21:00:00,13768.1
2018-11-06 00:00:00,6419.61
2018-11-06 03:00:00,13884.48
2018-11-06 06:00:00,13868.12
2018-11-06 09:00:00,13737.98
2018-11-06 12:00:00,13741.83
2018-11-06 15:00:00,13768.1
2018-11-06 18:00:00,13750.29
2018-11-06 21:00:00,13583.33
2018-11-07 00:00:00,6419.61
2018-11-07 03:00:00,13816.37
2018-11-07 06:00:00,13726.35
2018-11-07 09:00:00,13772.1
2018-11-07 12:00:00,13768.1
2018-11-07 15:00:00,13741.83
2018-11-07 18:00:00,13075.19
2018-11-07 21:00:00,13271.09
2018-11-08 00:00:00,6719.86
2018-11-08 03:00:00,13122.62
2018-11-08 06:00:00,13369.37
2018-11-08 09:00:00,13748.39
2018-11-08 12:00:00,14120.41
2018-11-08 15:00:00,13777.15
2018-11-08 18:00:00,13189.08
2018-11-08 21:00:00,13913.76
2018-11-09 00:00:00,6458.54
2018-11-09 03:00:00,13901.59
2018-11-09 06:00:00,13807.6
2018-11-09 09:00:00,13861.19
2018-11-09 12:00:00,13750.8
2018-11-09 15:00:00,13768.1
2018-11-09 18:00:00,13750.29
2018-11-09 21:00:00,13988.72
2018-11-10 00:00:00,6412.28
2018-11-10 03:00:00,13761.27
2018-11-10 06:00:00,13660.95
2018-11-10 09:00:00,13562.14
2018-11-10 12:00:00,13824.65
2018-11-10 15:00:00,13768.1
2018-11-10 18:00:00,14078.74
2018-11-10 21:00:00,13768.1
2018-11-11 00:00:00,6288.71
2018-11-11 03:00:00,13822.61
2018-11-11 06:00:00,13823.74
2018-11-11 09:00:00,13829.44
2018-11-11 12:00:00,13768.1
2018-11-11 15:00:00,13833.44
2018-11-11 18:00:00,13742.97
2018-11-11 21:00:00,13889.99
2018-11-12 00:00:00,6507.44
2018-11-12 03:00:00,13116.18
2018-11-12 06:00:00,13699.25
2018-11-12 09:00:00,13271.19
2018-11-12 12:00:00,13669.59
2018-11-12 15:00:00,13071.15
2018-11-12 18:00:00,13597.31
2018-11-12 21:00:00,13883.3
2018-11-13 00:00:00,7106.72
2018-11-13 03:00:00,13940.04
2018-11-13 06:00:00,13564.38
2018-11-13 09:00:00,13839.11
2018-11-13 12:00:00,12935.48
2018-11-13 15:00:00,12993.89
2018-11-13 18:00:00,13279.62
2018-11-13 21:00:00,13751.88
2018-11-14 00:00:00,6695.83
2018-11-14 03:00:00,13694.28
2018-11-14 06:00:00,13444.7
2018-11-14 09:00:00,13537.4
2018-11-14 12:00:00,13143.82
2018-11-14 15:00:00,12935.48
2018-11-14 18:00:00,13095.08
2018-11-14 21:00:00,13189.08
2018-11-15 00:00:00,6568.47
2018-11-15 03:00:00,13129.46
2018-11-15 06:00:00,13150.45
2018-11-15 09:00:00,12851.82
2018-11-15 12:00:00,13304.74
2018-11-15 15:00:00,12820.8
2018-11-15 18:00:00,13431.08
2018-11-15 21:00:00,13137.65
2018-11-16 00:00:00,6524.71
2018-11-16 03:00:00,12935.48
2018-11-16 06:00:00,13703.59
2018-11-16 09:00:00,12993.89
2018-11-16 12:00:00,12939.62
2018-11-16 15:00:00,12931.61
2018-11-16 18:00:00,13253.79
2018-11-16 21:00:00,13489.32
2018-11-17 00:00:00,6919.96
2018-11-17 03:00:00,14157.26
2018-11-17 06:00:00,13349.06
2018-11-17 09:00:00,13792.84
2018-11-17 12:00:00,13669.12
2018-11-17 15:00:00,12998.21
2018-11-17 18:00:00,13343.51
2018-11-17 21:00:00,13732.18
2018-11-18 00:00:00,6546.3
2018-11-18 03:00:00,13699.07
2018-11-18 06:00:00,13388.89
2018-11-18 09:00:00,13772.1
2018-11-18 12:00:00,13596.4
2018-11-18 15:00:00,13660.95
2018-11-18 18:00:00,13566.14
2018-11-18 21:00:00,13768.1
2018-11-19 00:00:00,6479.37
2018-11-19 03:00:00,13772.1
2018-11-19 06:00:00,13828.65
2018-11-19 09:00:00,13857.32
2018-11-19 12:00:00,13308.16
2018-11-19 15:00:00,13075.29
2018-11-19 18:00:00,14238.7
2018-11-19 21:00:00,14556.84
2018-11-20 00:00:00,6434.05
2018-11-20 03:00:00,14649.71
2018-11-20 06:00:00,14442.31
2018-11-20 09:00:00,13816.37
2018-11-20 12:00:00,14156.9
2018-11-20 15:00:00,13896.86
2018-11-20 18:00:00,13768.1
2018-11-20 21:00:00,13816.37
2018-11-21 00:00:00,6530.58
2018-11-21 03:00:00,14078.74
2018-11-21 06:00:00,13864.88
2018-11-21 09:00:00,13803.6
2018-11-21 12:00:00,13750.8
2018-11-21 15:00:00,13768.1
2018-11-21 18:00:00,13734.69
2018-11-21 21:00:00,13189.08
2018-11-22 00:00:00,6311.7
2018-11-22 03:00:00,13486.47
2018-11-22 06:00:00,13397.99
2018-11-22 09:00:00,13460.26
2018-11-22 12:00:00,13948.5
2018-11-22 15:00:00,12905.57
2018-11-22 18:00:00,13296.51
2018-11-22 21:00:00,13477.79
2018-11-23 00:00:00,6385.95
2018-11-23 03:00:00,13592.52
2018-11-23 06:00:00,13997.37
2018-11-23 09:00:00,14141.3
2018-11-23 12:00:00,14218.75
2018-11-23 15:00:00,13755.33
2018-11-23 18:00:00,13790.1
2018-11-23 21:00:00,13269.82
2018-11-24 00:00:00,6680.78
2018-11-24 03:00:00,13183.7
2018-11-24 06:00:00,13500.84
2018-11-24 09:00:00,13379.62
2018-11-24 12:00:00,13198.91
2018-11-24 15:00:00,13285.1
2018-11-24 18:00:00,13034.07
2018-11-24 21:00:00,13272.52
2018-11-25 00:00:00,6413.14
2018-11-25 03:00:00,13243.75
2018-11-25 06:00:00,13820.37
2018-11-25 09:00:00,13844.31
2018-11-25 12:00:00,13768.1
2018-11-25 15:00:00,13768.1
2018-11-25 18:00:00,13896.86
2018-11-25 21:00:00,13896.86
2018-11-26 00:00:00,6455.3
2018-11-26 03:00:00,13816.37
2018-11-26 06:00:00,13824.65
2018-11-26 09:00:00,13824.65
2018-11-26 12:00:00,13678.08
2018-11-26 15:00:00,13768.1
2018-11-26 18:00:00,13625.08
2018-11-26 21:00:00,13045.98
2018-11-27 00:00:00,6917.81
2018-11-27 03:00:00,13331.78
2018-11-27 06:00:00,13279.02
2018-11-27 09:00:00,13750.96
2018-11-27 12:00:00,13710.3
2018-11-27 15:00:00,13710.3
2018-11-27 18:00:00,13071.15
2018-11-27 21:00:00,13164.43
2018-11-28 00:00:00,6553.63
2018-11-28 03:00:00,13129.46
2018-11-28 06:00:00,13129.46
2018-11-28 09:00:00,12993.89
2018-11-28 12:00:00,13343.51
2018-11-28 15:00:00,12815.51
2018-11-28 18:00:00,13437.49
2018-11-28 21:00:00,13338.89
2018-11-29 00:00:00,6310.07
2018-11-29 03:00:00,13337.69
2018-11-29 06:00:00,12993.89
2018-11-29 09:00:00,13201.44
2018-11-29 12:00:00,13312.95
2018-11-29 15:00:00,13127.19
2018-11-29 18:00:00,13632.33
2018-11-29 21:00:00,13355.11
2018-11-30 00:00:00,6609.33
2018-11-30 03:00:00,13129.56
2018-11-30 06:00:00,13143.9
2018-11-30 09:00:00,13129.56
2018-11-30 12:00:00,12935.48
2018-11-30 15:00:00,13583.33
2018-11-30 18:00:00,12935.48
2018-11-30 21:00:00,12987.49
2018-12-01 00:00:00,6905.85
2018-12-01 03:00:00,13485.61
2018-12-01 06:00:00,13519.46
2018-12-01 09:00:00,13891.9
2018-12-01 12:00:00,13685.06
2018-12-01 15:00:00,14167.84
2018-12-01 18:00:00,13766.43
2018-12-01 21:00:00,13344.82
2018-12-02 00:00:00,6921.69
2018-12-02 03:00:00,13273.66
2018-12-02 06:00:00,13601.29
2018-12-02 09:00:00,13049.26
2018-12-02 12:00:00,13049.26
2018-12-02 15:00:00,13123.64
2018-12-02 18:00:00,13165.54
2018-12-02 21:00:00,13256.81
2018-12-03 00:00:00,6622.36
2018-12-03 03:00:00,13161.38
2018-12-03 06:00:00,13075.19
2018-12-03 09:00:00,12993.89
2018-12-03 12:00:00,13343.51
2018-12-03 15:00:00,13184.93
2018-12-03 18:00:00,13349.06
2018-12-03 21:00:00,13545.92
2018-12-04 00:00:00,6656.12
2018-12-04 03:00:00,13082.71
2018-12-04 06:00:00,13370.53
2018-12-04 09:00:00,13404.43
2018-12-04 12:00:00,13380.96
2018-12-04 15:00:00,13122.62
2018-12-04 18:00:00,13561.52
2018-12-04 21:00:00,13365.78
2018-12-05 00:00:00,6819.04
2018-12-05 03:00:00,13492.23
2018-12-05 06:00:00,13547.6
2018-12-05 09:00:00,13563.32
2018-12-05 12:00:00,13844.27
2018-12-05 15:00:00,13129.56
2018-12-05 18:00:00,13337.26
2018-12-05 21:00:00,13637.45
2018-12-06 00:00:00,6799.16
2018-12-06 03:00:00,13568.77
2018-12-06 06:00:00,13184.93
2018-12-06 09:00:00,13213.7
2018-12-06 12:00:00,13563.22
2018-12-06 15:00:00,12993.89
2018-12-06 18:00:00,13610.85
2018-12-06 21:00:00,13484.73
2018-12-07 00:00:00,6675.08
2018-12-07 03:00:00,13545.92
2018-12-07 06:00:00,13071.53
2018-12-07 09:00:00,13132.71
2018-12-07 12:00:00,13479.23
2018-12-07 15:00:00,13279.37
2018-12-07 18:00:00,13919.11
2018-12-07 21:00:00,13356.66
2018-12-08 00:00:00,6860.34
2018-12-08 03:00:00,13563.22
2018-12-08 06:00:00,13049.26
2018-12-08 09:00:00,13129.46
2018-12-08 12:00:00,13433.08
2018-12-08 15:00:00,13129.56
2018-12-08 18:00:00,13663.84
2018-12-08 21:00:00,13727.04
2018-12-09 00:00:00,6584.15
2018-12-09 03:00:00,13410.25
2018-12-09 06:00:00,13213.7
2018-12-09 09:00:00,12993.89
2018-12-09 12:00:00,12993.89
2018-12-09 15:00:00,13188.38
2018-12-09 18:00:00,13498.68
2018-12-09 21:00:00,13213.7
2018-12-10 00:00:00,6512.09
2018-12-10 03:00:00,13184.93
2018-12-10 06:00:00,13479.18
2018-12-10 09:00:00,13545.92
2018-12-10 12:00:00,13982.96
2018-12-10 15:00:00,13095.08
2018-12-10 18:00:00,13590.11
2018-12-10 21:00:00,13337.11
2018-12-11 00:00:00,6667.31
2018-12-11 03:00:00,13356.66
2018-12-11 06:00:00,13492.91
2018-12-11 09:00:00,13358.03
2018-12-11 12:00:00,13383.51
2018-12-11 15:00:00,13573.21
2018-12-11 18:00:00,13889.71
2018-12-11 21:00:00,13337.11
2018-12-12 00:00:00,6779.68
2018-12-12 03:00:00,12987.49
2018-12-12 06:00:00,13641.67
2018-12-12 09:00:00,13097.04
2018-12-12 12:00:00,13055.64
2018-12-12 15:00:00,13331.56
2018-12-12 18:00:00,13252.1
2018-12-12 21:00:00,13034.07
2018-12-13 00:00:00,6507.43
2018-12-13 03:00:00,13682.08
2018-12-13 06:00:00,13625.08
2018-12-13 09:00:00,13739.42
2018-12-13 12:00:00,13678.08
2018-12-13 15:00:00,13726.35
2018-12-13 18:00:00,13726.35
2018-12-13 21:00:00,13034.07
2018-12-14 00:00:00,6384.04
2018-12-14 03:00:00,13049.26
2018-12-14 06:00:00,13036.67
2018-12-14 09:00:00,13739.42
2018-12-14 12:00:00,13726.35
2018-12-14 15:00:00,13920.17
2018-12-14 18:00:00,13911.17
2018-12-14 21:00:00,13132.71
2018-12-15 00:00:00,6697.3
2018-12-15 03:00:00,12941.67
2018-12-15 06:00:00,13129.56
2018-12-15 09:00:00,12932.7
2018-12-15 12:00:00,13148.29
2018-12-15 15:00:00,13016.77
2018-12-15 18:00:00,13635.08
2018-12-15 21:00:00,13664.95
2018-12-16 00:00:00,7078.66
2018-12-16 03:00:00,13703.13
2018-12-16 06:00:00,13965.8
2018-12-16 09:00:00,13961.99
2018-12-16 12:00:00,13824.65
2018-12-16 15:00:00,13824.65
2018-12-16 18:00:00,13651.81
2018-12-16 21:00:00,13729.01
2018-12-17 00:00:00,6587.18
2018-12-17 03:00:00,12993.89
2018-12-17 06:00:00,13184.93
2018-12-17 09:00:00,13184.93
2018-12-17 12:00:00,13129.56
2018-12-17 15:00:00,12939.62
2018-12-17 18:00:00,13343.51
2018-12-17 21:00:00,13016.84
2018-12-18 00:00:00,6337.65
2018-12-18 03:00:00,13282.32
2018-12-18 06:00:00,13465.62
2018-12-18 09:00:00,13554.1
2018-12-18 12:00:00,13343.51
2018-12-18 15:00:00,12941.67
2018-12-18 18:00:00,13016.84
2018-12-18 21:00:00,13544.44
2018-12-19 00:00:00,6459.58
2018-12-19 03:00:00,13250.63
2018-12-19 06:00:00,12993.89
2018-12-19 09:00:00,13117.55
2018-12-19 12:00:00,13678.08
2018-12-19 15:00:00,13768.1
2018-12-19 18:00:00,13005.97
2018-12-19 21:00:00,13620.36
2018-12-20 00:00:00,6559.83
2018-12-20 03:00:00,13437.54
2018-12-20 06:00:00,13077.34
2018-12-20 09:00:00,12922.53
2018-12-20 12:00:00,12914.5
2018-12-20 15:00:00,12957.58
2018-12-20 18:00:00,12862.64
2018-12-20 21:00:00,13965.43
2018-12-21 00:00:00,6495.77
2018-12-21 03:00:00,13355.98
2018-12-21 06:00:00,12939.62
2018-12-21 09:00:00,12993.89
2018-12-21 12:00:00,13143.82
2018-12-21 15:00:00,12935.48
2018-12-21 18:00:00,12993.89
2018-12-21 21:00:00,13230.75
2018-12-22 00:00:00,6460.69
2018-12-22 03:00:00,13158.23
2018-12-22 06:00:00,13184.93
2018-12-22 09:00:00,13242.37
2018-12-22 12:00:00,13286.02
2018-12-22 15:00:00,13251.13
2018-12-22 18:00:00,13124.71
2018-12-22 21:00:00,13380.04
2018-12-23 00:00:00,6835.03
2018-12-23 03:00:00,13494.39
2018-12-23 06:00:00,12932.7
2018-12-23 09:00:00,13068.37
2018-12-23 12:00:00,14028.78
2018-12-23 15:00:00,13068.37
2018-12-23 18:00:00,13553.41
2018-12-23 21:00:00,13504.9
2018-12-24 00:00:00,6862.46
2018-12-24 03:00:00,13323.55
2018-12-24 06:00:00,13078.03
2018-12-24 09:00:00,13563.22
2018-12-24 12:00:00,13534.7
2018-12-24 15:00:00,13353.83
2018-12-24 18:00:00,13567.76
2018-12-24 21:00:00,13610.85
2018-12-25 00:00:00,6779.68
2018-12-25 03:00:00,13474.56
2018-12-25 06:00:00,13547.7
2018-12-25 09:00:00,13410.25
2018-12-25 12:00:00,13479.8
2018-12-25 15:00:00,13644.78
2018-12-25 18:00:00,14216.19
2018-12-25 21:00:00,13620.15
2018-12-26 00:00:00,6784.86
2018-12-26 03:00:00,13911.73
2018-12-26 06:00:00,13492.33
2018-12-26 09:00:00,13507.85
2018-12-26 12:00:00,13530.96
2018-12-26 15:00:00,13188.38
2018-12-26 18:00:00,13731.38
2018-12-26 21:00:00,12987.02
2018-12-27 00:00:00,6799.16
2018-12-27 03:00:00,13521.0
2018-12-27 06:00:00,13751.5
2018-12-27 09:00:00,13751.5
2018-12-27 12:00:00,13521.61
2018-12-27 15:00:00,13692.05
2018-12-27 18:00:00,13610.85
2018-12-27 21:00:00,13492.33
2018-12-28 00:00:00,6675.08
2018-12-28 03:00:00,13582.18
2018-12-28 06:00:00,12987.49
2018-12-28 09:00:00,13077.34
2018-12-28 12:00:00,13772.37
2018-12-28 15:00:00,13499.67
2018-12-28 18:00:00,13158.23
2018-12-28 21:00:00,13799.86
2018-12-29 00:00:00,6860.34
2018-12-29 03:00:00,13444.46
2018-12-29 06:00:00,13449.44
2018-12-29 09:00:00,14017.16
2018-12-29 12:00:00,13326.59
2018-12-29 15:00:00,13355.98
2018-12-29 18:00:00,13479.18
2018-12-29 21:00:00,13575.99
2018-12-30 00:00:00,6532.04
2018-12-30 03:00:00,13129.56
2018-12-30 06:00:00,13574.59
2018-12-30 09:00:00,13184.93
2018-12-30 12:00:00,13841.66
2018-12-30 15:00:00,13461.85
2018-12-30 18:00:00,13507.85
2018-12-30 21:00:00,13129.56
2018-12-31 00:00:00,6587.39
2018-12-31 03:00:00,13634.3
2018-12-31 06:00:00,13129.56
2018-12-31 09:00:00,13213.7
2018-12-31 12:00:00,13718.54
2018-12-31 15:00:00,13158.23
2018-12-31 18:00:00,13259.42
2018-12-31 21:00:00,13129.56
